"","OverallQual","GrLivArea","GarageCars","Neighborhood","ExterQual","X1stFlrSF","BsmtFinSF1","LotArea","X2ndFlrSF","KitchenQual","YearBuilt","FullBath","SalePrice"
"740",5,1432,2,"OldTown","TA",768,0,9600,664,"TA",1910,2,132000
"447",7,1886,2,"Gilbert","Gd",956,0,11214,930,"Gd",1998,2,199900
"622",5,980,2,"Sawyer","TA",980,560,7064,0,"TA",1977,1,135000
"1009",5,1271,1,"Sawyer","TA",720,0,21286,551,"TA",1948,2,135000
"124",6,1199,2,"SawyerW","Gd",1199,300,7892,0,"Gd",1993,2,153900
"328",6,1383,1,"NAmes","TA",1383,565,11600,0,"TA",1960,1,145250
"399",7,1550,2,"Somerst","Gd",1112,812,8125,438,"Gd",2006,2,241000
"396",5,894,2,"CollgCr","TA",894,777,7200,0,"TA",1972,1,123000
"893",5,1383,1,"Sawyer","TA",1383,1064,13284,0,"TA",1954,1,165000
"623",6,1512,2,"Somerst","Gd",756,420,2117,756,"Gd",2000,2,168500
"944",6,1344,2,"Timber","TA",1344,111,14375,0,"Gd",1958,1,137500
"822",7,1733,2,"Gilbert","Gd",847,0,12394,886,"Gd",2003,2,225000
"165",6,1616,1,"OldTown","TA",1149,370,5400,467,"Gd",1926,2,152000
"862",6,1097,2,"SawyerW","TA",1097,338,9672,0,"TA",1984,2,152000
"518",6,1796,2,"CollgCr","TA",882,706,9531,914,"TA",1998,2,211000
"619",8,2262,3,"Timber","Gd",1482,871,12244,780,"Gd",2003,2,305000
"75",3,1605,1,"OldTown","Gd",840,0,5790,765,"TA",1915,2,107400
"381",7,1301,2,"Somerst","Gd",1301,0,7200,0,"Gd",2006,2,187750
"575",5,1216,1,"NAmes","TA",832,442,8480,384,"TA",1947,1,118500
"1204",7,2196,3,"SawyerW","Gd",2196,485,14684,0,"Gd",1990,2,271900
"1244",6,1868,2,"NWAmes","TA",1140,0,12090,728,"TA",1984,3,178000
"885",9,1709,2,"Somerst","Gd",1709,1238,5119,0,"Gd",1999,2,328900
"1114",8,1734,3,"NridgHt","Gd",1734,1004,12085,0,"Ex",2007,2,318000
"511",7,1368,2,"NridgHt","Gd",1368,0,6792,0,"Gd",2005,2,202665
"582",6,816,0,"Edwards","TA",816,816,11841,0,"TA",1990,1,118500
"1013",6,1082,1,"NAmes","TA",1082,336,11664,0,"TA",1948,1,119200
"1201",5,1348,1,"BrkSide","TA",884,0,6000,464,"TA",1925,1,117000
"343",9,1684,2,"NridgHt","Ex",1684,28,8849,0,"Ex",2005,2,266000
"1103",5,1302,2,"BrDale","TA",630,0,2016,672,"TA",1970,2,106000
"509",5,1041,1,"NAmes","TA",1041,991,9600,0,"TA",1959,1,124500
"765",9,1506,2,"Somerst","Gd",1506,0,14587,0,"Ex",2008,2,264132
"133",5,1327,2,"NAmes","TA",1327,405,7388,0,"Gd",1959,1,150750
"243",5,1440,1,"OldTown","TA",889,0,5000,551,"TA",1900,1,79000
"1283",6,2447,1,"SWISU","TA",1699,0,9638,748,"Gd",1919,2,169000
"602",8,1915,2,"SawyerW","Gd",927,789,10041,988,"Gd",1992,2,220000
"1065",6,1571,2,"Gilbert","Gd",799,0,7837,772,"TA",1993,2,178000
"1170",6,1261,2,"NAmes","TA",1261,662,9120,0,"TA",1958,1,163000
"1357",6,1573,2,"Somerst","Gd",769,378,2117,804,"Gd",2000,2,177500
"974",7,1382,2,"Somerst","Gd",673,641,2651,709,"Gd",2000,2,165000
"711",4,1178,1,"IDOTRR","TA",859,0,8712,319,"TA",1900,1,102776
"391",6,1961,2,"Mitchel","TA",804,690,12209,1157,"Gd",2001,2,215000
"325",7,2978,2,"NAmes","Gd",1898,0,11275,1080,"Gd",1967,2,242000
"21",8,2376,3,"NridgHt","Gd",1158,0,14215,1218,"Gd",2005,3,325300
"1032",7,1654,3,"CollgCr","Gd",1654,986,8125,0,"Gd",2002,2,230000
"354",6,1595,1,"SWISU","TA",1192,388,8400,403,"TA",1940,1,140000
"228",6,987,1,"BrDale","TA",483,321,1869,504,"TA",1970,1,106000
"25",5,1060,1,"Sawyer","TA",1060,188,8246,0,"Gd",1968,1,154000
"686",7,1761,2,"Somerst","Gd",874,0,10207,887,"Gd",2007,3,227875
"146",6,1709,2,"Edwards","Gd",970,0,2522,739,"Gd",2004,2,130000
"1130",5,974,0,"Mitchel","TA",974,212,10712,0,"TA",1991,1,93500
"499",5,912,1,"NAmes","TA",912,111,7535,0,"TA",1958,1,120000
"1318",4,948,1,"Edwards","TA",948,492,10215,0,"TA",1954,1,111000
"346",6,958,1,"NAmes","TA",958,498,12772,0,"TA",1960,1,151500
"665",8,1936,2,"Gilbert","Gd",1454,0,11194,482,"Gd",2000,2,230500
"269",5,778,1,"IDOTRR","TA",778,403,6900,0,"TA",1940,1,120500
"819",7,1358,2,"NridgHt","Gd",1358,733,6371,0,"Gd",2009,2,224000
"645",6,981,2,"NAmes","TA",981,282,10530,0,"TA",1971,1,143250
"655",6,1092,1,"BrDale","TA",525,0,1680,567,"TA",1971,1,88000
"560",5,1392,2,"Sawyer","TA",1392,1302,11341,0,"TA",1957,1,121500
"707",8,1324,2,"NridgHt","Gd",1324,863,6240,0,"Gd",2006,2,254000
"45",5,1150,1,"NAmes","TA",1150,179,7945,0,"TA",1959,1,141000
"160",7,2462,2,"Gilbert","Gd",1392,57,19378,1070,"Gd",2005,2,320000
"1401",7,1294,2,"CollgCr","Gd",1294,0,6762,0,"Gd",2006,2,193879
"554",7,2046,3,"NridgHt","Gd",1006,866,10625,1040,"Gd",2003,2,284000
"1163",5,1432,2,"Veenker","TA",1432,680,16157,0,"Gd",1978,1,194000
"1061",5,2337,2,"OldTown","TA",1422,0,13600,915,"TA",1900,2,90000
"799",5,1768,1,"SWISU","TA",981,569,7200,787,"Gd",1937,1,175000
"1449",5,1792,0,"NAmes","TA",896,0,9000,896,"TA",1974,2,136000
"117",5,1092,1,"Sawyer","TA",1092,170,11616,0,"TA",1962,1,139000
"305",7,3493,3,"OldTown","TA",1675,0,18386,1818,"Gd",1880,3,295000
"105",7,1818,1,"IDOTRR","TA",1226,224,7758,592,"TA",1931,1,169500
"742",7,1349,2,"SawyerW","TA",1349,0,8450,0,"TA",2000,2,179000
"889",6,1505,2,"NAmes","TA",1505,1024,12160,0,"TA",1953,1,149500
"729",4,1208,2,"IDOTRR","TA",848,152,6240,0,"TA",1925,1,103000
"55",5,1360,2,"NAmes","TA",1360,384,7134,0,"TA",1955,1,130000
"755",6,1471,2,"Somerst","TA",742,381,3230,729,"TA",1999,2,172500
"516",6,2119,2,"NWAmes","TA",1378,0,10448,741,"TA",1972,2,158000
"1328",7,1632,2,"Gilbert","TA",955,0,9084,677,"TA",1998,2,176500
"356",6,1167,2,"Gilbert","TA",1167,560,9248,0,"Gd",1992,2,173000
"287",6,1734,2,"NAmes","TA",1085,600,9786,649,"Gd",1962,1,159000
"1187",7,1660,2,"CollgCr","Gd",831,0,8935,829,"Gd",2002,2,195000
"640",8,1518,2,"NridgHt","Ex",1518,1218,12677,0,"Ex",2003,1,274000
"307",7,2243,3,"SawyerW","Gd",1122,700,13474,1121,"Gd",1990,2,225000
"858",7,1370,2,"NWAmes","TA",1370,0,10400,0,"TA",1976,2,152000
"280",7,2022,2,"ClearCr","TA",1156,392,10005,866,"TA",1977,2,192000
"28",8,1704,3,"NridgHt","Gd",1704,1218,11478,0,"Gd",2007,2,306000
"1095",6,1355,0,"IDOTRR","TA",773,0,6882,582,"Gd",1914,1,127000
"377",8,2466,2,"Somerst","Gd",1580,0,11143,886,"Gd",2004,3,340000
"229",5,912,1,"Sawyer","TA",912,842,8521,0,"TA",1967,1,125000
"233",6,987,1,"BrDale","TA",483,0,1680,504,"TA",1972,1,94500
"669",4,1180,1,"Crawfor","TA",1180,0,11600,0,"Fa",1922,1,137500
"973",7,2019,2,"BrkSide","TA",1136,0,11414,883,"Gd",1910,1,167500
"809",5,2138,2,"OldTown","TA",1075,0,8100,1063,"TA",1898,2,106000
"706",7,1824,2,"ClearCr","TA",1824,1219,115149,0,"Gd",1971,2,302000
"521",6,1244,1,"NAmes","TA",1244,777,11988,0,"TA",1957,1,150000
"1138",5,1167,2,"BrkSide","TA",1167,645,8731,0,"TA",1920,1,144000
"340",8,1908,2,"Timber","Gd",993,0,14191,915,"Gd",2002,2,202900
"736",3,1040,2,"NAmes","TA",1040,0,8544,0,"TA",1950,2,93500
"1012",5,1022,1,"OldTown","TA",1022,247,7200,0,"TA",1910,1,85000
"41",6,1324,2,"NAmes","TA",1324,643,8658,0,"TA",1965,2,160000
"468",8,1634,3,"NridgHt","Gd",1634,0,11428,0,"Gd",2006,2,250000
"84",5,1065,2,"NAmes","TA",1065,0,8892,0,"TA",1960,1,126500
"501",7,1768,2,"Somerst","Gd",866,400,9803,902,"Gd",2005,2,226700
"553",4,1126,2,"Edwards","TA",1126,0,8777,0,"Gd",1949,2,108000
"1239",7,1768,2,"CollgCr","Gd",884,550,8158,884,"Gd",2003,2,224900
"1203",5,1074,2,"NWAmes","TA",1074,788,10140,0,"TA",1975,1,153500
"1331",4,816,1,"Edwards","TA",816,690,8877,0,"TA",1938,1,100000
"1402",8,1464,3,"Somerst","Gd",1464,929,15256,0,"Gd",2007,2,282922
"937",7,1971,2,"Somerst","Gd",1113,341,9675,858,"Gd",2005,2,253000
"1440",6,848,2,"CollgCr","Gd",848,697,4426,0,"Gd",2004,1,149300
"1058",6,1991,2,"Crawfor","TA",1096,297,11275,895,"TA",1932,1,220000
"1136",5,1020,0,"Sawyer","TA",780,0,6342,240,"TA",1875,1,94000
"247",6,1928,1,"OldTown","TA",908,0,9142,1020,"Fa",1910,2,137000
"1419",6,1416,2,"NWAmes","TA",708,404,11700,708,"TA",1968,2,179900
"945",5,1869,2,"OldTown","TA",1188,1088,8820,561,"TA",1890,1,124900
"1227",9,1702,3,"NridgHt","Ex",1702,1540,8769,0,"Ex",2008,1,367294
"348",7,1626,2,"NridgHt","Gd",764,573,2448,862,"Gd",2003,2,154000
"1063",5,1154,2,"NAmes","TA",1154,740,11000,0,"TA",1966,1,154000
"824",8,1489,2,"Somerst","Gd",1489,0,11216,0,"Gd",2006,2,232600
"939",7,2403,1,"ClearCr","TA",1207,0,24090,1196,"TA",1940,2,244400
"145",5,1728,2,"Sawyer","TA",1728,1332,9100,0,"TA",1963,2,125000
"1457",5,1078,1,"NAmes","TA",1078,49,9717,0,"Gd",1950,1,142125
"434",4,630,0,"MeadowV","TA",630,495,1890,0,"TA",1972,1,81000
"1383",6,1258,1,"Edwards","TA",698,204,9060,560,"TA",1939,1,105000
"272",7,1363,2,"ClearCr","TA",1363,226,39104,0,"TA",1954,1,241500
"293",5,1716,1,"Edwards","TA",1148,292,11409,568,"TA",1949,1,131000
"844",5,1416,3,"OldTown","TA",876,0,12665,540,"TA",1915,1,153900
"470",8,1502,2,"StoneBr","Gd",1502,368,6820,0,"Gd",1985,1,212000
"1140",5,1868,2,"NWAmes","TA",1088,381,10304,780,"Gd",1976,2,197500
"1264",7,1452,2,"Somerst","Gd",713,450,3735,739,"Gd",1999,2,183900
"1180",8,1652,2,"Crawfor","Ex",1652,1480,5587,0,"Gd",2008,2,392500
"63",8,1370,2,"NridgHt","Gd",1370,24,6442,0,"Gd",2006,2,202500
"1020",7,1220,2,"CollgCr","Gd",1220,684,7406,0,"Gd",2006,2,194000
"306",8,2000,3,"CollgCr","Gd",2000,1464,10386,0,"Gd",2004,2,305900
"418",5,1134,1,"Edwards","TA",756,312,8160,378,"TA",1940,1,126000
"374",7,1928,2,"CollgCr","Gd",847,0,8200,1081,"Gd",2003,2,219500
"943",5,1632,2,"Mitchel","TA",1632,0,25000,0,"TA",1967,2,143000
"1139",5,952,2,"NAmes","TA",952,852,7350,0,"TA",1951,1,139000
"141",4,864,0,"NAmes","TA",864,432,10500,0,"TA",1971,1,115000
"726",6,1680,2,"Crawfor","Gd",1680,808,21695,0,"Gd",1988,2,222000
"855",5,1040,1,"Sawyer","TA",1040,659,6897,0,"TA",1962,1,127000
"310",9,1944,3,"NridgHt","Gd",1944,1274,12378,0,"Ex",2003,2,360000
"101",6,1610,2,"NWAmes","TA",1610,1200,10603,0,"Gd",1977,2,205000
"1214",5,894,1,"Sawyer","TA",894,180,7094,0,"TA",1966,1,125000
"194",7,1709,2,"Edwards","Gd",970,0,2522,739,"Gd",2004,2,130000
"1080",5,1040,1,"Sawyer","TA",1040,824,7500,0,"TA",1963,1,133000
"543",7,767,1,"NAmes","TA",767,584,4058,0,"TA",1998,1,133000
"804",5,1128,1,"NAmes","TA",1128,812,9000,0,"TA",1954,1,118000
"90",4,990,0,"CollgCr","TA",990,588,8070,0,"TA",1994,1,123600
"1184",5,1221,1,"Edwards","TA",949,392,9738,272,"TA",1924,1,104900
"1151",6,1811,2,"Crawfor","TA",1811,296,14115,0,"Ex",1956,1,230000
"258",7,1604,2,"CollgCr","Gd",1604,1334,8814,0,"Gd",2006,2,220000
"91",4,1040,2,"NAmes","TA",1040,0,7200,0,"TA",1950,1,109900
"206",7,1442,2,"Gilbert","TA",1442,0,11851,0,"TA",1990,2,180500
"435",7,1661,2,"CollgCr","Gd",827,385,10667,834,"Gd",1996,2,212000
"235",6,1960,2,"Gilbert","Gd",860,625,7851,1100,"Gd",2002,2,216500
"191",8,2727,2,"Crawfor","Gd",1549,297,10570,1178,"Gd",1932,2,315000
"379",6,1800,2,"Gilbert","TA",1007,0,8123,793,"TA",2000,2,179000
"1217",4,912,0,"BrkSide","TA",672,0,6240,240,"TA",1947,1,80500
"134",8,1296,2,"Timber","Gd",1296,1005,6853,0,"Gd",2001,2,220000
"1339",4,872,4,"NAmes","TA",872,0,8294,0,"TA",1971,1,123000
"670",6,1476,2,"CollgCr","Gd",738,193,8633,738,"Gd",2005,2,173500
"534",8,1414,2,"Gilbert","Gd",707,0,9056,707,"Gd",2004,2,178000
"536",7,1724,2,"CollgCr","TA",880,0,8924,844,"Gd",1998,2,188000
"987",6,2030,2,"NWAmes","TA",1118,156,12046,912,"Gd",1976,2,195000
"336",9,1922,3,"StoneBr","Gd",1922,1249,14157,0,"Gd",2005,2,377426
"1294",5,1052,1,"NAmes","TA",1052,1016,8400,0,"TA",1968,1,138500
"1269",7,1524,2,"ClearCr","Gd",1332,1258,23595,192,"Gd",1979,0,260000
"865",5,1002,2,"NAmes","TA",1002,828,8750,0,"TA",1970,1,148500
"761",5,1301,2,"BrkSide","TA",1301,405,6911,0,"Fa",1924,1,100000
"1319",6,1478,2,"NAmes","TA",1478,189,8400,0,"TA",1957,1,156500
"981",7,1266,2,"Blmngtn","Gd",1266,0,3182,0,"Gd",2007,2,159895
"959",5,858,0,"BrkSide","TA",858,696,7207,0,"TA",1958,1,116500
"910",5,2274,2,"NAmes","TA",1105,443,11600,1169,"TA",1960,2,154300
"1268",5,1524,1,"NAmes","TA",874,460,11344,650,"TA",1958,1,144000
"580",6,1429,2,"NAmes","TA",1429,594,14585,0,"Gd",1960,1,181900
"152",8,1710,3,"NridgHt","Gd",1710,1400,13891,0,"Gd",2007,2,372402
"1325",3,774,0,"Edwards","TA",774,544,4270,0,"Gd",1931,1,79000
"603",7,1200,2,"Somerst","Gd",600,0,3182,600,"Gd",2004,2,151000
"451",7,1533,2,"ClearCr","TA",1533,655,70761,0,"Gd",1975,2,280000
"433",6,1604,2,"Gilbert","TA",926,0,10839,678,"TA",1997,2,181000
"163",7,1541,2,"NridgHt","Gd",1541,1201,12182,0,"Gd",2005,2,220000
"542",7,1680,2,"NWAmes","Gd",1680,144,10140,0,"Gd",1998,2,213250
"604",7,1494,2,"CollgCr","Gd",1494,922,12803,0,"Gd",2002,2,221000
"673",6,1839,2,"Crawfor","TA",1839,1186,14442,0,"Gd",1957,2,257500
"1392",6,1912,2,"OldTown","TA",1221,0,10800,691,"TA",1905,2,163000
"1115",8,1419,2,"Gilbert","Gd",779,353,7750,640,"Gd",2002,2,184100
"864",7,1372,2,"Somerst","Gd",1372,0,8640,0,"Gd",2007,2,250580
"920",6,1721,2,"SawyerW","Gd",936,814,8462,785,"Gd",1994,2,201000
"231",6,1194,1,"NAmes","TA",1194,0,8760,0,"TA",1959,1,148000
"99",5,835,1,"Edwards","TA",835,108,10625,0,"TA",1920,1,83000
"92",5,1235,2,"NAmes","TA",1235,600,8500,0,"TA",1961,1,98600
"69",4,747,1,"OldTown","TA",747,0,4608,0,"TA",1945,1,80000
"1396",5,1513,1,"BrkSide","TA",939,0,6120,574,"TA",1920,1,137500
"1029",5,1928,0,"SWISU","TA",948,0,7082,980,"TA",1916,2,160000
"568",8,2132,2,"SawyerW","Gd",1496,1441,12327,636,"Gd",1983,1,316600
"1365",7,1790,2,"CollgCr","Gd",882,633,9179,908,"Gd",1999,2,193000
"353",6,720,2,"OldTown","TA",720,0,8520,0,"TA",1928,1,105900
"1122",5,698,0,"Edwards","TA",698,0,9405,0,"TA",1947,1,118000
"902",7,1509,2,"Gilbert","Gd",807,0,7875,702,"Gd",2003,2,180000
"281",7,1982,2,"SawyerW","Gd",1175,421,11287,807,"Gd",1989,2,228500
"674",6,1136,1,"NAmes","TA",1136,892,9200,0,"TA",1965,1,140000
"833",6,1516,2,"NAmes","TA",1516,196,10004,0,"TA",1964,1,167000
"1423",5,1344,1,"NAmes","TA",1344,457,9503,0,"TA",1958,1,144000
"188",5,1656,1,"OldTown","TA",808,0,10410,704,"TA",1916,2,135000
"840",6,1482,1,"SWISU","TA",810,156,12155,672,"Fa",1925,2,140000
"954",6,1958,2,"Crawfor","TA",979,484,7136,979,"TA",1946,2,145000
"1250",7,1405,2,"NridgHt","Gd",1405,0,3136,0,"Gd",2003,2,171750
"330",5,1192,1,"IDOTRR","TA",596,0,6402,596,"TA",1920,1,78000
"1106",7,2021,2,"Gilbert","Gd",887,0,23257,1134,"Gd",2006,2,274725
"891",6,1683,2,"Sawyer","TA",918,226,11184,765,"TA",1978,2,172500
"837",6,987,1,"BrDale","TA",483,330,1680,504,"TA",1973,1,100000
"930",8,1466,3,"Timber","Gd",1466,16,8925,0,"Gd",2007,2,201000
"515",10,2020,3,"NridgHt","Ex",2020,1436,12220,0,"Ex",2009,2,402861
"61",6,1158,2,"SawyerW","TA",1158,941,13072,0,"Gd",2004,1,158000
"951",5,768,1,"CollgCr","TA",768,660,7200,0,"TA",1972,1,133900
"1054",6,1523,2,"NWAmes","TA",1523,644,11361,0,"TA",1976,2,180000
"661",8,2448,3,"NoRidge","Gd",1686,1361,46589,762,"Gd",1994,2,402000
"1313",4,948,1,"Edwards","TA",948,732,8190,0,"TA",1954,1,119000
"154",6,1252,2,"ClearCr","TA",1252,429,13500,0,"TA",1960,1,235000
"125",6,1586,2,"NWAmes","TA",1586,0,17043,0,"TA",1979,2,181000
"850",6,848,2,"CollgCr","Gd",848,659,4435,0,"Gd",2003,1,131500
"1076",5,1096,1,"NAmes","TA",1096,75,15870,0,"TA",1969,1,138800
"952",5,1968,2,"Mitchel","TA",1168,562,11075,800,"TA",1969,2,172000
"397",5,1812,1,"NAmes","TA",876,540,7590,936,"TA",1962,2,169500
"283",7,1314,2,"NridgHt","Gd",1314,904,5063,0,"Gd",2007,2,207500
"464",5,1040,0,"CollgCr","TA",1040,616,8430,0,"TA",1978,2,124000
"990",8,1742,2,"OldTown","Gd",916,216,17671,826,"Gd",1882,1,168000
"1360",7,1530,2,"StoneBr","Gd",1530,1274,16158,0,"Gd",2005,2,260000
"478",8,1718,3,"CollgCr","Gd",1718,1288,10637,0,"Gd",2007,2,297000
"652",7,1716,2,"CollgCr","Gd",909,0,8750,807,"Gd",1996,2,191000
"1400",6,1593,2,"Gilbert","TA",864,759,7415,729,"TA",2004,2,193000
"1044",3,1733,2,"Edwards","TA",1733,0,13680,0,"TA",1955,2,139600
"267",6,1511,2,"Gilbert","TA",802,714,11207,709,"TA",1997,2,185000
"1448",5,630,0,"MeadowV","TA",630,553,1533,0,"Ex",1970,1,92000
"338",7,1621,2,"NWAmes","Gd",1621,213,14145,0,"Gd",1984,2,202500
"1372",10,2633,3,"NoRidge","Ex",2633,1282,11400,0,"Ex",2001,2,466500
"1377",6,987,1,"BrDale","TA",483,309,1953,504,"TA",1973,1,83000
"1230",5,1190,2,"NAmes","TA",1190,803,7728,0,"TA",1962,1,132500
"897",5,2240,2,"SawyerW","TA",1120,0,7018,1120,"TA",1979,2,142953
"384",6,1953,2,"ClearCr","Gd",1079,985,53107,874,"Gd",1992,2,240000
"668",5,1437,2,"Sawyer","TA",1437,988,14175,0,"TA",1956,1,168000
"1262",6,1824,2,"BrkSide","TA",1060,0,13515,764,"TA",1919,1,180500
"66",8,2473,3,"NridgHt","Gd",1143,0,9591,1330,"Gd",2004,2,317000
"592",5,816,2,"Mitchel","TA",816,816,6600,0,"TA",1982,1,138000
"861",5,1039,2,"Sawyer","TA",1039,841,11625,0,"TA",1965,1,131500
"1320",3,720,1,"BrkSide","TA",720,0,6627,0,"TA",1949,1,72500
"1085",4,1092,1,"MeadowV","TA",546,334,1974,546,"TA",1973,1,83500
"888",8,2217,2,"NAmes","Gd",2217,351,15865,0,"Gd",1970,2,268000
"1210",8,1752,2,"Gilbert","Gd",1080,427,12134,672,"TA",1988,2,164000
"218",4,1328,1,"OldTown","TA",810,0,9906,518,"TA",1925,1,107000
"1057",9,2184,3,"NridgHt","Ex",1130,936,11308,1054,"Ex",2008,2,335000
"722",4,864,2,"NAmes","TA",864,191,8120,0,"TA",1970,1,124500
"263",6,1212,2,"Sawyer","TA",1212,506,8471,0,"TA",1977,1,151000
"174",6,1362,2,"NAmes","TA",1362,288,10197,0,"TA",1961,1,163000
"983",5,1734,2,"Mitchel","TA",1302,0,10125,432,"Gd",1977,2,126000
"431",6,1198,0,"OldTown","TA",1088,0,5586,110,"TA",1920,1,79900
"530",6,1509,2,"Timber","Gd",1509,783,10200,0,"Gd",1988,2,175000
"137",5,1214,1,"NAmes","TA",1214,695,10355,0,"TA",1967,2,143000
"998",7,1208,2,"CollgCr","Gd",1208,686,6762,0,"Gd",2006,2,206000
"1107",6,1690,2,"Gilbert","TA",948,0,8063,742,"TA",2000,2,181000
"1380",6,2117,2,"NAmes","TA",2117,865,12925,0,"TA",1970,2,237500
"882",6,1593,2,"Gilbert","TA",808,0,9636,785,"TA",1992,2,178000
"495",4,720,0,"IDOTRR","TA",720,495,7879,0,"TA",1920,1,34900
"1373",7,1958,3,"Somerst","Gd",1026,0,10625,932,"Gd",2005,2,250000
"466",7,1277,2,"NAmes","TA",1277,778,10628,0,"TA",1970,1,167000
"296",6,1003,2,"Mitchel","TA",1003,819,7937,0,"TA",1984,1,142500
"557",4,1336,1,"IDOTRR","TA",897,637,11040,439,"TA",1920,1,108000
"385",8,1269,2,"Blmngtn","Gd",1269,24,3182,0,"Gd",2004,2,192000
"1045",9,2868,3,"StoneBr","Gd",1992,240,16056,876,"Ex",2005,3,556581
"1314",6,2112,2,"NAmes","TA",1092,500,11075,1020,"TA",1969,2,206900
"1182",5,1130,2,"OldTown","TA",1130,821,10800,0,"TA",1920,1,120000
"1403",3,1214,3,"OldTown","TA",694,0,10410,520,"TA",1915,1,105000
"270",6,1113,1,"Edwards","TA",1113,751,7917,0,"TA",1976,1,148000
"907",7,2057,1,"Crawfor","Gd",1020,223,11500,1037,"Gd",1936,1,250000
"1173",6,2345,2,"Crawfor","TA",1170,503,16560,1175,"TA",1932,2,239000
"884",5,892,1,"NAmes","TA",892,432,7150,0,"TA",1967,1,100000
"1445",5,1188,1,"Mitchel","TA",1188,593,26142,0,"TA",1962,1,157900
"980",8,2612,3,"NoRidge","Gd",1276,854,12203,1336,"Gd",1998,2,336000
"31",4,1317,1,"IDOTRR","TA",649,0,8500,668,"TA",1920,1,40000
"56",6,1425,2,"NAmes","TA",1425,490,10175,0,"TA",1964,2,180500
"1172",5,3086,0,"ClearCr","TA",1636,152,18030,971,"Ex",1946,3,200500
"135",5,1721,2,"Sawyer","TA",1721,570,10335,0,"TA",1968,2,180000
"1092",5,1200,2,"NAmes","TA",1200,661,9230,0,"Gd",1965,1,146000
"30",4,520,1,"BrkSide","TA",520,0,6324,0,"Fa",1927,1,68500
"1330",5,954,2,"CollgCr","TA",954,483,10780,0,"TA",1976,1,132500
"1090",7,1252,2,"Somerst","Gd",624,510,2160,628,"Gd",1999,2,160000
"651",4,1510,1,"Edwards","TA",755,0,9084,755,"TA",1940,1,108000
"1335",5,1656,2,"NWAmes","TA",1656,0,9246,0,"TA",1973,2,135000
"1025",5,1264,2,"NAmes","TA",1264,697,9300,0,"TA",1960,1,167500
"1001",8,1574,3,"Somerst","Gd",1574,24,11957,0,"Gd",2006,2,232000
"1409",7,1840,2,"CollgCr","Gd",944,666,12420,896,"Gd",2001,2,230000
"1186",8,1624,3,"NoRidge","Gd",1624,1456,12461,0,"Gd",1994,2,262000
"1158",6,1876,2,"NWAmes","Gd",943,442,9120,933,"Gd",1974,2,185000
"630",5,1750,1,"OldTown","TA",1089,0,9000,661,"Ex",1880,1,124000
"522",6,1664,2,"BrkSide","TA",1004,399,5000,660,"TA",1947,2,159000
"1207",5,1283,2,"NAmes","TA",1283,504,7763,0,"TA",1962,1,140000
"110",6,1844,2,"NWAmes","TA",1844,705,11751,0,"TA",1977,2,190000
"621",6,2614,2,"NWAmes","TA",1548,956,10800,1066,"TA",1974,2,240000
"1254",6,1367,1,"BrkSide","TA",959,425,6240,408,"TA",1931,1,127500
"403",8,2263,2,"NoRidge","Gd",1165,0,12090,1098,"Gd",1998,2,258000
"10",5,1077,1,"BrkSide","TA",1077,851,7420,0,"TA",1939,1,118000
"1232",5,1188,2,"NAmes","TA",1188,1000,12160,0,"TA",1959,1,142000
"680",6,923,1,"SawyerW","TA",923,543,8012,0,"TA",1980,2,143000
"1011",6,1502,1,"Crawfor","TA",900,0,10592,602,"Gd",1923,1,165000
"817",8,1689,3,"Mitchel","Gd",1689,1218,13265,0,"Gd",2002,2,271000
"224",4,864,2,"NAmes","TA",864,524,10500,0,"TA",1971,1,97000
"440",10,2402,3,"NridgHt","Ex",2402,1767,15431,0,"Ex",2008,2,555000
"223",6,1552,2,"NWAmes","TA",811,550,11475,741,"TA",1975,2,179900
"1298",5,1246,1,"NAmes","TA",1246,340,7500,0,"Gd",1959,1,154000
"12",9,2324,3,"NridgHt","Ex",1182,998,11924,1142,"Ex",2005,3,345000
"1324",4,796,0,"IDOTRR","TA",796,0,3636,0,"TA",1922,1,55000
"836",5,1559,2,"OldTown","TA",1559,338,8100,0,"TA",1948,1,153500
"457",4,1663,2,"ClearCr","TA",1663,1116,53227,0,"Gd",1954,1,256000
"1168",10,3627,3,"NoRidge","Gd",1831,1387,35760,1796,"Gd",1995,3,625000
"156",6,1096,0,"Edwards","TA",572,0,9600,524,"TA",1924,1,79000
"132",6,2054,2,"Gilbert","Gd",1022,695,12224,1032,"Gd",2000,2,244000
"225",10,2392,3,"NridgHt","Ex",2392,56,13472,0,"Ex",2003,2,386250
"1215",6,1902,2,"Sawyer","TA",1318,0,8930,584,"TA",1978,2,112000
"1297",10,5642,2,"Edwards","Ex",4692,5644,63887,950,"Ex",2008,2,160000
"846",7,1775,2,"SawyerW","Gd",1006,513,9317,769,"Gd",1993,2,213000
"664",8,2097,3,"Somerst","Gd",2097,1721,20896,0,"Ex",2005,1,423000
"331",5,1728,1,"NAmes","TA",1728,40,10624,0,"TA",1964,2,119000
"1133",6,1600,2,"Gilbert","TA",916,0,8773,684,"TA",1997,2,169000
"793",8,1496,2,"Somerst","Gd",1496,0,9158,0,"Gd",2007,2,225000
"294",7,2263,2,"NWAmes","TA",1468,795,16659,795,"Gd",1977,2,235000
"275",5,816,1,"Mitchel","TA",816,546,8314,0,"TA",1982,1,124500
"1202",7,1630,2,"CollgCr","Gd",1630,0,9750,0,"Gd",2000,2,213000
"1323",8,1795,3,"Somerst","Gd",1795,0,9986,0,"Gd",2006,2,147000
"1089",3,1040,2,"NAmes","TA",1040,0,8544,0,"TA",1950,2,92900
"1258",6,1054,2,"NAmes","TA",1054,602,9750,0,"TA",1969,1,151000
"1265",7,1889,1,"OldTown","Fa",964,0,10120,925,"TA",1910,1,122000
"936",7,1200,2,"SawyerW","Gd",1200,833,10083,0,"Gd",2003,2,184900
"230",7,1555,2,"Blmngtn","Gd",1555,16,3182,0,"Gd",2005,2,192500
"80",5,1230,2,"OldTown","TA",682,0,10440,548,"TA",1910,1,110000
"1332",5,1360,1,"IDOTRR","TA",803,0,7200,557,"Gd",1938,1,125500
"643",5,1620,2,"NWAmes","TA",780,493,10793,840,"TA",1969,2,152000
"832",7,1829,2,"CollgCr","Gd",941,483,9548,888,"Gd",2003,2,237000
"85",7,1474,2,"Gilbert","TA",804,0,8530,670,"TA",1995,2,168500
"1034",4,845,1,"Edwards","TA",845,0,11500,0,"TA",1957,1,84000
"143",5,1385,2,"NAmes","TA",910,507,8520,475,"TA",1952,2,166000
"856",6,1026,2,"CollgCr","TA",1026,505,10970,0,"TA",1978,1,147000
"1301",8,2526,3,"NoRidge","Gd",1203,740,10120,1323,"Gd",1994,2,290000
"1427",5,804,1,"OldTown","TA",804,510,7200,0,"Gd",1940,1,119000
"1160",6,1640,2,"Crawfor","Gd",1640,728,14778,0,"Gd",1954,1,224000
"153",6,1993,2,"NWAmes","TA",1097,416,14803,896,"TA",1971,2,190000
"1235",7,1626,2,"NridgHt","Gd",764,0,2628,862,"Gd",2003,2,175500
"940",6,1728,2,"Mitchel","TA",1728,936,12640,0,"TA",1976,2,150900
"316",7,1432,2,"Gilbert","Gd",716,425,7795,716,"Gd",2004,2,188500
"899",5,1236,1,"Sawyer","TA",1236,465,6993,0,"TA",1961,1,135000
"997",3,1077,1,"IDOTRR","TA",1077,0,9786,0,"TA",1922,1,91000
"1082",6,1251,1,"NAmes","TA",1251,553,8800,0,"TA",1964,1,160000
"653",6,1469,1,"IDOTRR","TA",756,0,10320,713,"TA",1906,1,135000
"720",8,1742,2,"StoneBr","Gd",1742,1148,6563,0,"Gd",1985,2,275000
"419",5,1056,1,"NAmes","TA",1056,775,8450,0,"TA",1968,1,142000
"527",9,2713,3,"NridgHt","Ex",1476,1330,14948,1237,"Ex",2008,2,446261
"917",4,1229,1,"Edwards","TA",1229,1059,17140,0,"TA",1956,1,135000
"1450",8,1578,3,"Somerst","Gd",1578,0,9262,0,"Ex",2008,2,287090
"780",7,1253,2,"Gilbert","TA",1253,0,7875,0,"TA",1995,2,176000
"801",4,1196,2,"IDOTRR","TA",1196,197,4800,0,"TA",1916,1,109900
"730",8,1616,2,"StoneBr","Gd",1616,1180,5389,0,"Gd",1995,2,236500
"319",7,2646,3,"NoRidge","Gd",1372,987,9900,1274,"Gd",1993,2,260000
"812",5,1044,2,"IDOTRR","Fa",1044,0,8712,0,"Fa",1952,1,55993
"304",5,894,2,"CollgCr","TA",894,894,9800,0,"TA",1972,1,149900
"96",6,1470,2,"Gilbert","Ex",680,310,9765,790,"TA",1993,2,185000
"696",5,616,1,"BrkSide","TA",616,616,6000,0,"TA",1921,1,89000
"461",7,1135,2,"SWISU","Gd",575,350,7200,560,"Gd",1936,1,155000
"395",5,1144,1,"Edwards","TA",1144,739,9571,0,"TA",1956,1,129000
"1273",5,1250,2,"Crawfor","TA",661,0,5362,589,"TA",1910,2,139000
"1043",8,2524,2,"NWAmes","Gd",2524,1104,9600,0,"Gd",1981,2,278000
"1067",6,2521,2,"MeadowV","TA",1291,837,3964,1230,"TA",1973,2,151400
"401",7,1310,2,"CollgCr","Gd",1310,24,8767,0,"Gd",2005,2,164990
"413",5,1028,2,"OldTown","TA",1028,0,8960,0,"TA",1927,1,115000
"1267",8,3447,3,"Crawfor","TA",1968,192,14100,1479,"Gd",1935,3,381000
"663",4,1181,2,"Edwards","TA",1181,920,10012,0,"TA",1972,2,137500
"519",7,2080,1,"Crawfor","Gd",1276,0,10918,804,"Gd",1926,1,234000
"818",6,1052,2,"ClearCr","TA",1052,504,8816,0,"TA",1971,1,155000
"341",4,841,1,"SawyerW","Fa",841,0,8400,0,"TA",1950,1,82000
"1343",7,1456,2,"CollgCr","Gd",728,0,11103,728,"Gd",2006,2,155835
"1124",4,1005,2,"NAmes","TA",1005,0,10434,0,"Fa",1955,1,115000
"588",5,1473,1,"ClearCr","TA",1473,1324,25095,0,"Ex",1968,1,143000
"429",6,1412,2,"Timber","TA",1412,1005,11457,0,"Gd",1988,2,175000
"905",5,1063,1,"NAmes","TA",1063,354,9920,0,"TA",1954,1,128000
"886",5,1712,2,"NAmes","TA",1712,528,8393,0,"TA",1959,2,145000
"1225",6,1933,3,"Somerst","Gd",894,0,14598,1039,"Gd",2007,2,214000
"1337",7,1861,2,"CollgCr","Gd",920,700,13450,941,"Gd",2002,2,200000
"109",5,1517,0,"IDOTRR","TA",997,0,8500,520,"Fa",1919,2,115000
"561",5,1389,2,"Mitchel","TA",1389,1071,10010,0,"TA",1974,1,170000
"76",4,988,1,"MeadowV","TA",526,462,1596,462,"TA",1973,1,91000
"227",7,2520,3,"NoRidge","Gd",1214,565,9950,1306,"Gd",1995,2,290000
"1165",8,1694,3,"CollgCr","Gd",1694,0,10475,0,"Gd",2008,2,245350
"718",7,2418,3,"NoRidge","Gd",1325,1173,10542,1093,"Gd",1993,2,341000
"48",8,1656,3,"Somerst","Gd",1656,24,11096,0,"Gd",2006,2,249700
"727",7,1232,2,"CollgCr","Gd",1232,724,7314,0,"Gd",2007,2,194500
"95",6,1786,2,"CollgCr","TA",905,648,9337,881,"Gd",1997,2,204750
"1100",5,950,1,"NAmes","TA",950,412,9758,0,"TA",1971,1,119500
"144",7,1501,2,"CollgCr","Gd",1501,679,10335,0,"Gd",1999,2,204000
"1127",7,1959,2,"Gilbert","Gd",847,0,11796,1112,"Gd",2004,2,215000
"1062",6,1103,2,"OldTown","TA",1103,397,6000,0,"Gd",1925,1,110500
"963",7,1894,2,"Timber","Gd",824,624,11316,1070,"Gd",2002,2,214900
"1111",5,816,1,"NAmes","TA",816,708,7100,0,"TA",1957,1,129900
"725",4,864,2,"NAmes","TA",864,375,6960,0,"Gd",1970,1,120500
"1405",5,768,2,"CollgCr","TA",768,656,8445,0,"TA",1972,1,133000
"1134",6,986,1,"BrkSide","TA",986,0,6180,0,"TA",1926,1,102000
"968",6,1095,1,"NAmes","TA",1095,513,10382,0,"TA",1958,1,140000
"380",5,1691,1,"SWISU","TA",1026,218,5000,665,"Gd",1924,2,127000
"851",8,1456,2,"Blmngtn","Gd",1456,0,3196,0,"Gd",2003,2,215000
"1141",8,2828,3,"CollgCr","Gd",1466,1150,9965,1362,"Gd",2006,3,424870
"147",5,875,1,"BrkSide","TA",875,209,6120,0,"TA",1931,1,105000
"314",7,2036,2,"Timber","TA",2036,1236,215245,0,"TA",1965,2,375000
"724",9,1698,3,"Edwards","Ex",1698,1234,13286,0,"Ex",2007,2,320000
"1088",8,1247,2,"Somerst","Gd",1247,1039,3316,0,"Gd",2005,1,197000
"894",5,1535,2,"SawyerW","TA",1535,0,7018,0,"TA",1979,2,118858
"618",9,1828,3,"NridgHt","Ex",1828,48,11694,0,"Gd",2007,2,314813
"106",8,1992,2,"Somerst","Gd",1053,0,9375,939,"Gd",2003,2,250000
"27",5,900,2,"NAmes","TA",900,234,7200,0,"Gd",1951,1,134800
"441",4,1440,0,"Edwards","TA",1440,133,12108,0,"Fa",1955,2,118000
"151",5,969,2,"CollgCr","TA",969,716,10356,0,"TA",1975,1,122000
"102",6,1732,2,"SawyerW","Gd",977,0,9206,755,"Gd",1985,2,178000
"481",9,1792,3,"NridgHt","Gd",1792,1567,11846,0,"Ex",2003,2,374000
"578",7,1392,2,"Somerst","Gd",703,0,3604,689,"Gd",2007,2,146000
"641",7,1929,2,"Somerst","Gd",1057,738,7050,872,"Gd",2001,2,226000
"929",7,2236,2,"Gilbert","TA",993,0,13006,1243,"Gd",1997,2,222000
"901",5,1306,1,"NAmes","TA",1306,860,8712,0,"TA",1957,1,153000
"345",6,1577,1,"BrkSide","TA",972,0,6435,605,"Fa",1939,1,140200
"991",6,1851,2,"NAmes","TA",1020,536,9760,831,"Gd",1964,2,187000
"36",8,2452,3,"NridgHt","Gd",1132,0,13418,1320,"Gd",2004,3,309000
"1031",8,2520,3,"NoRidge","Gd",1352,1012,14541,1168,"Gd",1993,2,310000
"657",7,1502,1,"Crawfor","TA",851,0,7200,651,"TA",1931,1,149000
"682",6,1291,2,"ClearCr","TA",1291,1003,2887,0,"Gd",1996,1,173000
"1211",4,672,1,"Edwards","TA",672,344,9340,0,"TA",1941,1,113000
"1028",6,1218,1,"BrDale","TA",672,317,1680,546,"TA",1972,1,118000
"781",6,1603,2,"SawyerW","Gd",810,387,7153,793,"Gd",1992,2,175900
"185",5,1252,2,"BrkSide","TA",936,0,7438,316,"TA",1908,1,127000
"349",9,2728,3,"NridgHt","Ex",1848,1410,20431,880,"Ex",2005,2,437154
"53",5,816,2,"IDOTRR","Fa",816,104,8472,0,"TA",1963,1,110000
"335",5,1786,2,"Timber","TA",1619,1249,164660,167,"TA",1965,2,228950
"1376",5,1604,2,"Edwards","TA",984,408,10998,620,"TA",1941,2,117000
"1282",6,1824,0,"Mitchel","TA",912,0,9400,912,"TA",1971,2,139000
"1236",7,1948,2,"CollgCr","Gd",847,0,12393,1101,"Gd",2004,2,195000
"378",9,1856,3,"StoneBr","Gd",1856,1445,11394,0,"Ex",2010,1,394432
"1433",5,1126,2,"Mitchel","TA",1126,936,17400,0,"TA",1977,2,160000
"1091",6,1694,2,"SWISU","TA",1390,423,8400,304,"TA",1925,2,136500
"136",7,1682,2,"NWAmes","TA",1682,0,10400,0,"TA",1970,2,174000
"677",5,792,1,"OldTown","Gd",792,0,9022,0,"Gd",1924,1,109500
"601",6,1375,1,"IDOTRR","TA",780,0,9000,595,"Gd",1937,1,141000
"1218",6,1218,0,"BrDale","TA",672,0,1680,546,"TA",1971,1,91500
"925",5,1126,2,"NWAmes","TA",1126,767,15611,0,"Ex",1977,2,175000
"483",6,1216,2,"Mitchel","TA",1216,897,4500,0,"TA",1998,2,164000
"217",7,1436,2,"CollgCr","Gd",1436,946,8450,0,"Gd",2004,2,210000
"775",6,1204,2,"Mitchel","TA",1204,866,4500,0,"TA",1998,2,162000
"934",7,2069,2,"NAmes","TA",2069,425,27650,0,"Gd",1960,2,242000
"1276",6,1724,2,"NWAmes","TA",1724,528,17871,0,"TA",1967,1,197900
"1415",4,2290,2,"OldTown","TA",1246,0,11340,1044,"TA",1885,2,122500
"953",6,980,0,"Edwards","TA",980,945,9400,0,"TA",1975,2,127500
"362",7,1922,2,"Edwards","Gd",495,0,7301,1427,"Gd",2003,3,198500
"714",6,1479,2,"Sawyer","Gd",725,533,13517,754,"Gd",1976,2,130500
"1132",8,2020,2,"SawyerW","Gd",1142,584,9828,878,"Gd",1995,2,239500
"909",6,1484,2,"Gilbert","Gd",742,0,12589,742,"Gd",2005,2,174000
"16",7,854,2,"BrkSide","TA",854,0,6120,0,"TA",1929,1,132000
"390",5,1367,1,"Edwards","TA",961,241,8405,406,"TA",1900,1,119000
"1303",7,1708,2,"Edwards","Gd",976,0,3363,732,"Gd",2004,2,130000
"103",5,1535,2,"SawyerW","TA",1535,0,7018,0,"TA",1979,2,118964
"365",5,1344,1,"IDOTRR","TA",672,456,10690,672,"TA",1920,1,147000
"400",8,1288,2,"Veenker","Gd",1288,786,14963,0,"Ex",1996,1,245500
"1251",5,874,1,"Mitchel","TA",874,510,9858,0,"TA",1968,1,130000
"504",6,1322,2,"NPkVill","TA",855,257,2308,467,"TA",1974,2,147000
"982",8,2290,2,"CollgCr","Gd",1149,0,11250,1141,"Gd",2002,2,255900
"1037",4,1344,0,"MeadowV","TA",798,0,1533,546,"TA",1970,1,97000
"1425",7,2127,2,"NoRidge","Gd",1223,1000,10944,904,"Gd",1994,2,271000
"778",5,2020,2,"SawyerW","TA",2020,0,8400,0,"TA",1977,2,144000
"860",7,1426,1,"Crawfor","Gd",912,0,7642,514,"Gd",1918,1,189950
"198",8,3112,2,"NAmes","Gd",1360,1036,25419,1360,"Gd",1918,2,235000
"388",7,1479,2,"CollgCr","Gd",1479,0,9382,0,"Gd",1999,2,191000
"14",7,1494,3,"CollgCr","Gd",1494,0,10652,0,"Gd",2006,2,279500
"684",7,1839,2,"NoRidge","Gd",1195,0,16770,644,"TA",1998,2,221000
"128",5,840,0,"OldTown","TA",840,116,4388,0,"TA",1930,1,87000
"350",9,1869,2,"NridgHt","Ex",1869,0,7820,0,"Ex",2007,2,318061
"89",3,1526,0,"IDOTRR","Fa",1013,0,8470,0,"Fa",1915,1,85000
"37",5,1097,2,"CollgCr","TA",1097,0,10859,0,"TA",1994,1,145000
"1154",5,1437,2,"Veenker","Gd",1437,1157,10768,0,"Gd",1976,2,218000
"130",5,1053,2,"NAmes","TA",1053,567,8973,0,"Ex",1958,1,150000
"754",6,1026,2,"NAmes","TA",1026,439,7930,0,"Gd",1969,1,156000
"1369",4,1374,1,"OldTown","Fa",840,315,5400,534,"TA",1920,1,105000
"785",6,1342,2,"NWAmes","TA",1342,251,9790,0,"TA",1967,2,161500
"896",4,951,1,"IDOTRR","TA",951,285,8765,0,"TA",1936,1,106500
"636",2,800,0,"BrkSide","Fa",800,0,6120,0,"Fa",1936,1,60000
"631",8,1554,2,"NridgHt","Gd",1554,24,4590,0,"Gd",2006,2,209500
"1257",7,1166,2,"Gilbert","Gd",1166,655,9587,0,"Gd",2005,2,190000
"274",6,1632,1,"NAmes","TA",1632,620,9600,0,"TA",1958,2,139000
"437",6,904,1,"BrkSide","Gd",904,0,6000,0,"TA",1926,1,119000
"1426",5,1558,1,"NAmes","TA",1048,580,10930,510,"TA",1945,1,140000
"1083",6,1498,2,"Gilbert","TA",691,592,13031,807,"TA",1995,2,187500
"248",6,1375,2,"NAmes","TA",1375,0,11310,0,"TA",1954,1,140000
"1342",6,1913,2,"Crawfor","TA",1172,0,7558,741,"TA",1928,1,177000
"455",7,1242,2,"NWAmes","TA",1242,916,9600,0,"TA",1973,1,175500
"1406",5,833,0,"Mitchel","TA",833,625,8780,0,"TA",1985,1,112000
"300",6,1152,1,"Crawfor","TA",1152,0,14000,0,"Gd",1950,1,158500
"815",7,1661,2,"CollgCr","TA",1661,0,12137,0,"Gd",1998,2,224900
"366",6,1394,2,"NAmes","TA",1394,609,9500,0,"TA",1963,1,159000
"1340",6,1114,2,"SawyerW","TA",1114,814,13695,0,"Gd",2003,1,155000
"946",5,1144,1,"NAmes","TA",1144,748,8163,0,"TA",1959,1,143000
"789",6,2087,2,"ClearCr","TA",976,568,12205,1111,"Gd",1966,2,187500
"278",4,864,2,"Gilbert","TA",864,120,19138,0,"TA",1951,1,141000
"1266",9,2018,3,"Timber","Ex",2018,0,13214,0,"Ex",2008,2,378500
"533",1,334,0,"BrkSide","Fa",334,0,5000,0,"Fa",1946,1,39300
"1439",6,2555,2,"Crawfor","TA",1423,0,11526,748,"TA",1922,2,191000
"81",6,2142,1,"NAmes","TA",1182,448,13000,960,"Gd",1968,2,193500
"236",6,987,1,"BrDale","TA",483,358,1680,504,"TA",1971,1,89500
"1213",5,999,1,"NAmes","TA",999,784,10205,0,"TA",1962,1,134500
"1096",8,1088,2,"StoneBr","Gd",1088,0,3696,0,"Gd",1986,1,170000
"741",6,912,1,"Sawyer","TA",912,832,6768,0,"Gd",1961,1,142000
"232",8,2794,3,"NoRidge","Gd",1490,689,15138,1304,"Ex",1995,2,403000
"297",5,1558,1,"IDOTRR","TA",910,420,13710,648,"TA",1950,1,152000
"122",4,1123,1,"IDOTRR","TA",772,0,6060,351,"TA",1939,1,100000
"877",9,2224,3,"NridgHt","Gd",1462,1170,8834,762,"Ex",2004,2,350000
"129",6,1348,2,"NAmes","TA",660,512,7590,688,"TA",1966,1,155000
"551",5,928,1,"OldTown","TA",928,308,6000,0,"TA",1957,1,112500
"1050",7,1316,2,"CollgCr","Gd",1316,0,11175,0,"Gd",2007,2,200141
"606",5,1040,2,"CollgCr","TA",1040,732,12464,0,"Gd",1996,1,152000
"1443",7,1422,2,"CollgCr","Gd",1422,0,8500,0,"Gd",2004,2,179600
"1270",6,1489,2,"NWAmes","TA",1489,0,9156,0,"Gd",1968,2,185750
"1221",6,1846,1,"NAmes","TA",1168,196,10496,678,"TA",1949,2,143000
"1007",7,1710,2,"Mitchel","Gd",1710,0,12118,0,"Gd",2004,2,240000
"1157",8,1580,3,"Somerst","Gd",1580,0,11932,0,"Gd",2007,2,235128
"564",7,2295,2,"NoRidge","Gd",1166,728,13346,1129,"Gd",1992,2,268000
"473",8,1976,3,"NridgHt","Gd",1976,1350,14977,0,"Gd",2006,2,440000
"566",9,2504,3,"StoneBr","Gd",1134,0,11198,1370,"Ex",2005,2,325000
"988",7,1576,2,"Somerst","Gd",778,0,8125,798,"Gd",2006,2,197000
"1036",8,2263,2,"CollgCr","Gd",1055,0,9240,1208,"Gd",2001,2,287000
"734",5,948,1,"Sawyer","TA",948,0,8978,0,"TA",1968,1,108000
"890",5,924,2,"NAmes","TA",672,0,8064,252,"TA",1949,1,122900
"508",7,1378,2,"OldTown","TA",689,141,9600,689,"Gd",1928,2,161000
"1255",8,1987,2,"NoRidge","Gd",1987,1314,14303,0,"Gd",1994,2,301500
"7",8,1694,2,"Somerst","Gd",1694,1369,10084,0,"Gd",2004,2,307000
"692",7,2519,2,"Timber","Gd",1238,965,26178,1281,"Gd",1989,2,335000
"932",9,1905,3,"Somerst","Ex",1905,0,11670,0,"Ex",2006,2,320000
"924",6,1686,2,"NWAmes","TA",1686,625,10240,0,"TA",1980,2,207500
"1362",6,1412,2,"Gilbert","TA",616,0,8499,796,"Gd",2006,2,156932
"915",4,1092,1,"MeadowV","TA",546,0,2001,546,"TA",1970,1,75000
"364",6,1574,2,"NWAmes","TA",790,712,18800,784,"TA",1976,2,190000
"175",6,1651,2,"Timber","TA",1651,1398,12416,0,"TA",1986,2,184000
"1347",7,1494,2,"SawyerW","Gd",1494,1443,16196,0,"Gd",1998,2,215000
"1087",7,1709,2,"Edwards","Gd",970,0,2522,739,"Gd",2004,2,137500
"289",5,900,1,"Sawyer","TA",900,450,9819,0,"TA",1967,1,122000
"2",6,1262,2,"Veenker","TA",1262,978,9600,0,"TA",1976,2,181500
"537",4,864,2,"NAmes","TA",864,600,12735,0,"TA",1972,1,111250
"1084",6,996,2,"SawyerW","TA",996,747,9069,0,"Gd",1992,1,147000
"904",5,902,1,"Sawyer","TA",902,599,6173,0,"TA",1967,1,125500
"368",5,1268,1,"NAmes","TA",1268,540,7800,0,"TA",1954,1,132000
"847",5,864,1,"CollgCr","TA",864,460,15523,0,"TA",1972,1,133500
"1358",9,1980,3,"NridgHt","Gd",1980,1447,16737,0,"Ex",2004,2,315000
"215",6,1392,1,"CollgCr","TA",689,378,10900,703,"TA",1977,1,161750
"1169",6,1118,1,"Mitchel","TA",1118,522,9880,0,"TA",1977,1,171000
"290",6,1396,1,"BrkSide","TA",698,0,8730,698,"TA",1915,1,153575
"1128",5,936,2,"OldTown","TA",936,936,7200,0,"TA",1980,1,140000
"970",7,1626,2,"NridgHt","Gd",764,567,2268,862,"Gd",2003,2,173000
"1274",5,1920,2,"NAmes","TA",928,220,11345,992,"TA",1948,2,137000
"1248",5,988,1,"NAmes","TA",988,534,7200,0,"TA",1950,1,119000
"647",6,1094,2,"Edwards","TA",1094,500,10452,0,"TA",1953,1,155000
"565",6,1647,1,"SWISU","TA",841,0,6858,806,"Fa",1915,1,128000
"962",9,1800,2,"CollgCr","Gd",1800,0,11923,0,"Ex",2007,2,239000
"471",7,1969,2,"NWAmes","TA",1161,0,11952,808,"TA",1977,2,190000
"1454",6,1647,2,"Gilbert","TA",953,0,7917,694,"TA",1999,2,175000
"114",6,2259,2,"Crawfor","TA",2259,35,21000,0,"Gd",1953,2,217000
"1022",7,1504,2,"Blmngtn","Gd",1504,16,3182,0,"Gd",2005,2,191000
"786",5,1652,1,"OldTown","TA",966,686,10800,686,"TA",1915,2,139000
"1416",8,2450,3,"NoRidge","Gd",1310,781,16545,1140,"Gd",1998,2,340000
"460",8,1935,2,"Somerst","Gd",832,544,8004,1103,"TA",2009,2,263435
"611",6,1032,2,"NWAmes","TA",1032,605,10395,0,"TA",1978,2,148000
"100",4,1225,0,"NAmes","TA",1225,569,9320,0,"TA",1959,1,128950
"506",8,1911,2,"SawyerW","Gd",1065,380,9554,846,"Gd",1993,2,215000
"469",6,1710,2,"SawyerW","Gd",832,426,9291,878,"Gd",1993,2,187000
"1291",5,2372,1,"OldTown","TA",1378,0,6600,994,"TA",1892,2,107500
"1261",4,1788,1,"ClearCr","TA",1104,0,11250,684,"TA",1957,1,161500
"644",9,1766,3,"Somerst","Ex",1766,1121,9187,0,"Ex",2009,2,370878
"1296",6,1072,2,"Edwards","TA",1072,547,3675,0,"TA",2005,2,140000
"1414",7,1569,3,"Blmngtn","Gd",1569,988,3635,0,"Gd",2007,2,175900
"808",5,1086,2,"NAmes","TA",1086,516,13400,0,"TA",1966,1,159950
"876",4,1040,2,"Mitchel","TA",1040,633,25286,0,"TA",1963,1,132250
"507",6,1218,2,"Somerst","Gd",1218,27,7862,0,"Gd",2009,2,208300
"1272",6,1357,1,"Edwards","TA",1357,719,11512,0,"Ex",1959,1,177000
"634",6,1056,2,"OldTown","TA",1056,1056,6979,0,"TA",1980,0,144000
"323",7,2730,2,"SawyerW","Gd",1553,28,10380,1177,"Gd",1986,2,301000
"178",5,1920,2,"Sawyer","Gd",1252,57,13650,668,"Gd",1958,2,172500
"410",5,1276,1,"Edwards","TA",1276,0,9571,0,"TA",1958,1,60000
"570",5,1728,2,"NAmes","TA",1728,231,13101,0,"TA",1965,2,142600
"835",4,1067,2,"Sawyer","TA",1067,442,9600,0,"Gd",1950,2,128000
"931",5,925,1,"NAmes","TA",925,338,9100,0,"TA",1965,1,117500
"796",6,1285,2,"Sawyer","TA",1285,0,8197,0,"TA",1977,1,143500
"947",8,1629,3,"Timber","Gd",1629,1300,14536,0,"Gd",2002,2,270000
"717",5,1178,2,"NWAmes","TA",1178,1084,10000,0,"Gd",1973,1,157000
"759",8,2531,3,"NoRidge","Gd",1328,56,12257,1203,"Gd",1995,2,290000
"237",7,1414,2,"CollgCr","Gd",1414,24,8773,0,"Gd",2004,2,185500
"131",7,2157,2,"NAmes","TA",1216,445,14200,941,"Gd",1966,2,226000
"744",8,1337,2,"StoneBr","Gd",1337,733,5395,0,"Gd",1993,2,180000
"1119",6,1012,1,"IDOTRR","TA",1012,0,8263,0,"TA",1920,1,118400
"42",5,1328,1,"Timber","TA",1328,967,16905,0,"TA",1959,1,170000
"773",5,912,1,"NAmes","TA",912,456,10150,0,"TA",1958,1,114500
"549",7,2094,2,"Somerst","Gd",912,0,9375,1182,"Gd",2003,2,263000
"1099",2,438,1,"SWISU","TA",438,290,8400,0,"Fa",1920,1,60000
"1231",4,1224,2,"NAmes","TA",1224,0,9842,0,"TA",1962,2,101800
"938",7,1962,3,"CollgCr","Gd",1391,464,8760,571,"Gd",2006,2,239799
"467",5,1644,1,"NAmes","TA",888,386,9480,756,"Gd",1942,1,146500
"226",5,1302,1,"BrDale","TA",630,0,1680,672,"TA",1971,2,112000
"261",6,1382,2,"NAmes","TA",1382,672,19296,0,"TA",1962,1,176000
"1321",7,1923,2,"NoRidge","Gd",1061,674,10186,862,"Gd",1992,2,190000
"1143",4,924,1,"Edwards","TA",672,348,12180,252,"Fa",1941,1,80000
"1309",7,1902,2,"Crawfor","Gd",1902,1406,17500,0,"Ex",1959,2,335000
"941",7,2060,2,"Gilbert","Gd",1022,772,8755,1038,"Gd",1999,2,214000
"532",5,827,1,"NAmes","TA",827,0,7200,0,"TA",1955,1,107500
"1093",5,936,1,"NAmes","TA",936,248,5868,0,"TA",1956,1,129000
"955",6,1229,2,"Blueste","TA",561,285,1300,668,"TA",1980,1,124000
"1408",7,2093,2,"NWAmes","TA",1236,0,20544,857,"TA",1986,2,215000
"1030",7,3082,2,"SWISU","TA",1687,523,15863,998,"TA",1920,2,197000
"1197",7,1212,2,"CollgCr","Gd",1212,0,9100,0,"Gd",2001,2,178000
"68",7,1479,2,"CollgCr","Gd",1479,1013,10665,0,"Gd",2003,2,226000
"672",6,1208,2,"Veenker","Gd",1208,767,11250,0,"TA",1977,1,165000
"1316",7,1352,2,"Somerst","Gd",1352,0,4230,0,"Gd",2006,2,208900
"1147",7,1111,1,"OldTown","TA",572,0,5700,539,"TA",1926,1,116900
"583",10,2775,2,"OldTown","Ex",1521,0,13500,1254,"Gd",1893,3,325000
"371",4,1588,2,"ClearCr","TA",1120,0,17120,468,"TA",1959,2,134432
"758",7,1501,2,"Somerst","TA",757,549,2280,744,"TA",1999,2,179400
"126",6,754,0,"IDOTRR","TA",520,490,6780,0,"TA",1935,1,84500
"828",5,2126,2,"ClearCr","TA",1160,249,28698,966,"TA",1967,2,185000
"402",5,672,1,"Sawyer","TA",672,0,10200,0,"TA",1940,1,108000
"394",5,1034,1,"OldTown","TA",735,0,10134,299,"TA",1940,1,109000
"116",6,1458,2,"Somerst","TA",729,419,3230,729,"TA",1999,2,176000
"964",6,1484,2,"Gilbert","Gd",783,0,10237,701,"Gd",2005,2,178900
"693",5,1073,1,"OldTown","TA",1073,0,5400,0,"TA",1921,1,108480
"810",6,1309,2,"NWAmes","TA",1309,663,10140,0,"Gd",1974,1,181000
"650",7,1665,2,"Somerst","Gd",822,0,8125,843,"Gd",2007,2,205950
"776",7,1614,3,"CollgCr","Gd",1614,20,11210,0,"Gd",2005,2,221500
"923",6,1617,2,"SawyerW","Gd",1617,165,8012,0,"Gd",1993,2,193000
"1306",5,990,2,"CollgCr","TA",990,746,8072,0,"TA",1994,1,138000
"956",5,1057,2,"Sawyer","TA",1057,417,7420,0,"TA",1962,1,132000
"1166",6,1671,2,"Gilbert","TA",959,786,10852,712,"TA",2000,2,173000
"370",6,1664,2,"Gilbert","TA",953,0,8121,711,"TA",2000,2,172400
"972",7,1428,2,"Somerst","Gd",1428,0,11639,0,"Gd",2007,2,182000
"960",6,2872,2,"NWAmes","TA",1542,896,12227,1330,"TA",1977,2,272000
"699",7,1391,2,"Somerst","Gd",1391,16,4282,0,"Gd",2004,2,196000
"1334",6,1334,2,"NWAmes","TA",1334,686,9650,0,"TA",1977,2,167900
"679",5,988,2,"Sawyer","TA",988,827,9945,0,"TA",1961,1,128500
"426",7,1644,2,"SawyerW","Gd",1644,1518,12800,0,"Gd",1989,2,275000
"827",7,1434,2,"SawyerW","Gd",1434,20,8529,0,"Gd",2001,2,189000
"475",5,970,2,"Sawyer","TA",970,630,8480,0,"TA",1963,1,132500
"352",5,1111,1,"Edwards","TA",616,236,9084,495,"TA",1941,1,95000
"150",5,1344,1,"BrkSide","TA",896,0,6240,448,"TA",1936,1,115000
"1363",7,1200,2,"Somerst","Gd",520,0,3180,600,"Gd",2005,2,144152
"1252",7,2167,2,"Veenker","Gd",1516,125,17542,651,"Gd",1974,2,294000
"498",5,899,1,"Sawyer","TA",899,450,7800,0,"Gd",1967,1,130000
"1302",7,1616,3,"Somerst","Gd",1616,0,8688,0,"Gd",2005,2,232000
"993",10,1718,3,"NridgHt","Ex",1718,1172,12456,0,"Ex",2006,2,337500
"577",5,1320,2,"Sawyer","TA",1320,328,11777,0,"TA",1966,1,164500
"1205",4,1056,1,"SawyerW","TA",1056,1056,8900,0,"TA",1966,1,107000
"11",5,1040,1,"Sawyer","TA",1040,906,11200,0,"TA",1965,1,129500
"409",8,2078,3,"Somerst","Gd",1050,789,10800,1028,"Ex",2007,2,339750
"259",7,1792,2,"CollgCr","Gd",963,361,12435,829,"Gd",2001,2,231500
"415",7,1340,2,"Gilbert","Gd",1340,24,8899,0,"Gd",2007,2,181134
"488",5,2414,2,"OldTown","TA",1766,664,10800,648,"TA",1900,2,160000
"547",5,768,2,"Mitchel","TA",768,619,7244,0,"TA",1970,1,129500
"709",5,904,1,"Sawyer","TA",904,0,7162,0,"TA",1966,1,109900
"1078",5,990,1,"CollgCr","TA",990,495,8775,0,"TA",1994,1,126000
"859",6,2654,2,"NWAmes","TA",1512,619,11029,1142,"Gd",1968,2,250000
"19",5,1114,2,"SawyerW","TA",1114,646,13695,0,"Gd",2004,1,159000
"182",7,1802,1,"Crawfor","TA",901,352,7588,901,"TA",1920,1,200100
"1188",7,1804,2,"Gilbert","TA",1028,0,7500,776,"Gd",1999,2,189000
"1077",6,848,2,"CollgCr","Gd",848,662,4435,0,"Gd",2004,1,155900
"881",7,1717,2,"Timber","Gd",1187,902,13758,530,"Gd",1990,2,187500
"617",6,832,2,"NAmes","TA",832,0,7227,0,"Gd",1954,1,105500
"288",4,858,0,"NAmes","TA",858,614,8125,0,"TA",1971,1,88000
"286",7,1250,2,"Somerst","Gd",625,0,4251,625,"Gd",2006,2,164700
"1371",7,2097,2,"CollgCr","TA",1108,975,9750,989,"Gd",1998,2,274300
"93",5,964,2,"Crawfor","TA",964,713,13360,0,"TA",1921,1,163500
"423",8,2630,3,"NoRidge","Gd",1470,986,9200,1160,"Gd",1998,2,315000
"1370",6,1661,1,"NAmes","TA",1661,831,9600,0,"Gd",1955,1,165500
"474",8,1652,2,"StoneBr","Gd",1652,1196,5330,0,"Ex",2000,2,251000
"284",8,1468,3,"Somerst","Gd",1468,0,9612,0,"Gd",2008,2,244600
"555",5,1048,1,"BrkSide","TA",1048,0,6380,0,"TA",1922,1,113000
"1053",8,1989,2,"CollgCr","Gd",1091,932,11367,898,"Gd",2002,2,255000
"694",5,1539,2,"BrkSide","TA",1067,0,6120,472,"TA",1936,1,141500
"1153",7,1820,2,"NAmes","TA",902,454,13700,918,"Gd",1965,1,201800
"476",6,1493,2,"CollgCr","TA",1493,994,13125,0,"Gd",1997,2,208900
"245",7,2110,2,"SawyerW","Gd",1222,695,8880,888,"Gd",1994,2,205000
"251",3,1306,0,"BrkSide","TA",1306,0,5350,0,"Fa",1940,1,76500
"1285",6,1328,2,"NWAmes","TA",1328,569,9790,0,"TA",1963,1,143000
"567",7,1535,2,"NridgHt","Gd",1535,2,10171,0,"Gd",2004,2,214000
"1060",3,894,3,"IDOTRR","Fa",894,0,18000,0,"TA",1935,1,81000
"181",6,1525,2,"Somerst","Gd",769,436,2117,756,"Gd",2000,2,177000
"1171",7,1250,2,"Somerst","Gd",625,0,4017,625,"Gd",2006,2,171900
"728",5,1776,3,"NAmes","TA",1776,0,11475,0,"TA",1958,2,110000
"492",6,1456,2,"Gilbert","Gd",728,0,15578,728,"TA",2006,2,172785
"1305",7,1368,2,"NridgHt","Gd",1368,0,6955,0,"Gd",2005,2,202500
"685",7,2090,2,"StoneBr","Gd",1190,828,5062,900,"Gd",1984,2,207500
"497",7,1820,1,"BrkSide","TA",1133,329,9120,687,"TA",1925,2,184000
"989",8,2392,3,"NoRidge","Gd",1407,1074,9452,985,"Gd",1997,2,348000
"749",4,1529,1,"Edwards","TA",1088,0,8405,441,"TA",1945,2,98000
"20",5,1339,1,"NAmes","TA",1339,504,7560,0,"TA",1958,1,139000
"831",7,1200,2,"Somerst","TA",520,0,3180,600,"Gd",2005,2,151000
"1181",10,4476,3,"NoRidge","Gd",2411,2096,15623,2065,"Ex",1996,3,745000
"1118",5,1040,1,"NAmes","TA",1040,369,7560,0,"TA",1959,1,133700
"1278",4,1128,2,"IDOTRR","TA",698,0,7500,430,"TA",1920,1,68400
"1155",5,1265,2,"NAmes","TA",1265,633,9350,0,"Gd",1965,2,179900
"1146",7,1564,1,"Crawfor","TA",860,275,12000,704,"Fa",1941,1,174500
"1359",5,2601,2,"SWISU","TA",990,0,9842,1611,"TA",1921,3,189000
"158",8,1968,3,"Timber","Gd",774,0,12003,1194,"Ex",2009,2,269500
"654",8,2113,3,"NoRidge","Gd",2113,1696,10437,0,"Gd",1995,2,350000
"406",6,1639,1,"SWISU","TA",1166,0,10480,0,"TA",1936,1,115000
"739",7,1728,2,"CollgCr","Gd",864,0,9313,864,"Gd",2004,2,190000
"908",5,902,2,"Mitchel","TA",902,301,8885,0,"TA",1983,1,131000
"880",5,1090,2,"Edwards","TA",1090,980,7024,0,"TA",2005,1,157000
"1431",4,968,1,"OldTown","TA",968,0,10800,0,"TA",1927,2,64500
"1241",7,1173,2,"NWAmes","TA",1173,885,10625,0,"Gd",1974,2,170000
"1194",6,1456,2,"Gilbert","TA",728,0,8029,728,"Gd",2005,2,176000
"632",7,1411,2,"NWAmes","TA",1411,822,11900,0,"TA",1977,2,82500
"526",5,928,1,"NAmes","TA",928,377,13300,0,"TA",1956,1,132000
"552",8,1717,3,"NridgHt","Gd",1717,0,11146,0,"Gd",2006,2,255500
"462",5,864,1,"Sawyer","TA",864,553,8281,0,"TA",1965,1,62383
"1048",4,930,1,"Edwards","TA",930,0,11100,0,"Gd",1946,1,84900
"513",6,1080,2,"Mitchel","TA",1080,336,9187,0,"TA",1983,1,134000
"638",5,796,0,"Edwards","TA",796,0,8777,0,"TA",1910,1,85000
"1422",6,2201,2,"Edwards","Gd",1575,0,19690,626,"Gd",1966,2,274970
"933",7,1500,2,"CollgCr","Gd",1500,20,8487,0,"Gd",2004,2,190000
"733",5,1144,1,"Sawyer","TA",1144,594,10000,0,"TA",1961,1,131400
"60",5,780,1,"CollgCr","TA",780,632,7200,0,"TA",1972,1,124900
"138",7,1959,3,"Mitchel","TA",1959,0,11070,0,"TA",1988,3,171000
"73",7,1718,2,"Gilbert","TA",885,0,10141,833,"TA",1998,2,185000
"1435",4,864,2,"NAmes","TA",864,616,9000,0,"TA",1971,1,120500
"1224",6,1138,1,"NAmes","TA",1138,507,10482,0,"TA",1958,1,145000
"1079",6,1258,2,"NWAmes","Gd",1258,656,11040,0,"Gd",1971,2,145000
"1179",7,2514,2,"Timber","TA",1298,1216,11170,1216,"TA",1990,2,250000
"574",5,1109,1,"NAmes","TA",576,349,10500,533,"TA",1971,1,139000
"579",5,1795,1,"OldTown","TA",1050,0,12150,745,"TA",1954,2,131500
"738",5,1200,0,"Edwards","TA",1200,1200,10800,0,"TA",1987,3,179000
"1277",8,2031,2,"CollgCr","Gd",1128,804,9473,903,"Gd",2002,2,237000
"572",7,1692,2,"Timber","TA",846,0,13159,846,"Gd",2009,2,224500
"1345",7,2156,2,"NWAmes","TA",2156,297,20781,0,"TA",1968,2,262500
"768",7,1836,2,"CollgCr","Gd",1836,24,9100,0,"Gd",2004,2,216837
"242",5,866,0,"OldTown","TA",866,329,3880,0,"Gd",1945,1,110500
"318",8,1959,3,"Somerst","Gd",1088,0,9000,871,"Gd",2006,2,270000
"358",5,1352,1,"ClearCr","TA",1352,300,6930,0,"Gd",1958,1,130000
"26",8,1600,3,"NridgHt","Gd",1600,0,14230,0,"Gd",2007,2,256300
"1352",8,3238,3,"NoRidge","Gd",2053,816,14720,1185,"Gd",1995,2,410000
"291",8,1919,2,"CollgCr","Gd",1079,0,15611,840,"Gd",2006,2,233230
"256",7,2291,2,"Gilbert","Gd",1005,0,8738,1286,"Gd",1999,2,230000
"1120",7,1552,3,"CollgCr","Gd",1552,24,10084,0,"Gd",2005,2,212900
"238",7,1744,2,"SawyerW","Gd",1014,402,9453,730,"Gd",1993,2,194500
"1101",5,1134,1,"NAmes","TA",1134,588,7000,0,"TA",1960,1,135000
"424",6,1196,1,"NAmes","TA",1196,616,9000,0,"TA",1956,1,139000
"1418",6,1844,2,"Crawfor","Gd",1844,1110,16381,0,"Gd",1969,2,223000
"1198",4,1382,2,"Sawyer","TA",1382,547,11235,0,"TA",1963,1,148000
"690",6,848,2,"CollgCr","Gd",848,697,4426,0,"Gd",2004,1,141000
"1042",7,2329,2,"SawyerW","TA",1532,1085,11839,797,"Gd",1990,2,262280
"333",7,1358,2,"NridgHt","Gd",1358,720,8198,0,"Gd",2004,2,207000
"202",6,1279,2,"Mitchel","TA",1279,641,10125,0,"TA",1977,2,171500
"525",7,1266,2,"Somerst","Gd",1266,0,7500,0,"Gd",2005,2,176000
"49",4,1452,0,"OldTown","TA",736,0,4456,716,"TA",1920,2,113000
"866",8,1646,3,"Timber","Gd",1646,0,10656,0,"Gd",2006,2,248900
"463",6,1660,1,"Crawfor","TA",849,326,11988,811,"TA",1934,1,188700
"1311",8,2810,2,"NoRidge","Gd",1453,482,9572,1357,"Gd",1990,2,302000
"209",7,2062,2,"SawyerW","Gd",1180,1065,14364,882,"TA",1988,2,277000
"1287",8,1659,2,"StoneBr","Gd",1659,1158,5664,0,"Ex",2000,2,278000
"253",6,1640,2,"SawyerW","Gd",798,0,8366,842,"Gd",2004,2,173000
"485",5,1113,1,"NAmes","Gd",1113,607,9600,0,"Gd",1950,1,147000
"1004",5,985,1,"CollgCr","Gd",985,595,8385,0,"TA",1977,2,149900
"1315",8,1630,3,"CollgCr","Gd",1630,0,10226,0,"Ex",2008,2,295493
"200",8,1713,3,"NridgHt","Gd",1713,1088,9591,0,"Ex",2004,2,274900
"852",7,1646,1,"Crawfor","TA",918,364,7128,728,"TA",1941,2,164000
"51",6,1470,2,"Gilbert","TA",794,182,13869,676,"TA",1997,2,177000
"196",6,1456,2,"NPkVill","TA",855,566,2280,601,"TA",1976,2,148500
"1253",7,1656,2,"Edwards","Gd",760,0,6931,896,"Gd",2003,2,165400
"958",7,1416,2,"Somerst","Gd",696,604,2572,720,"Gd",1999,2,155000
"170",8,1707,2,"Timber","Gd",1707,0,16669,0,"TA",1981,2,228000
"119",7,3222,3,"SawyerW","TA",1699,1470,12376,1523,"Gd",1990,3,320000
"1019",4,1132,2,"Edwards","TA",1132,1024,7024,0,"Gd",2005,1,176000
"9",7,1774,2,"OldTown","TA",1022,0,6120,752,"TA",1931,2,129900
"662",6,1392,2,"NAmes","TA",1392,0,13560,0,"TA",1968,1,110000
"863",5,1148,1,"NAmes","TA",1148,1148,7931,0,"TA",1959,1,132500
"301",5,1336,1,"Crawfor","TA",1336,841,15750,0,"TA",1953,1,157000
"18",4,1296,2,"Sawyer","TA",1296,0,10791,0,"TA",1967,2,90000
"874",5,1131,1,"OldTown","TA",676,0,5720,455,"TA",1941,1,66500
"1226",5,912,2,"NAmes","TA",912,595,8872,0,"Gd",1965,1,147000
"1437",6,1236,2,"OldTown","TA",1236,600,7407,0,"TA",1957,1,149700
"1024",5,882,2,"CollgCr","TA",882,138,7700,0,"TA",1972,1,112500
"428",7,1208,2,"CollgCr","Gd",1208,664,6762,0,"Gd",2007,2,195400
"848",6,2358,2,"ClearCr","TA",1307,0,45600,1051,"TA",1908,3,240000
"87",6,1560,2,"Gilbert","Gd",684,0,11911,876,"Gd",2005,2,174000
"704",7,1484,2,"CollgCr","Gd",1484,712,8400,0,"Gd",2004,2,213000
"1378",5,1394,2,"Timber","TA",754,0,9735,640,"Gd",2006,2,167500
"344",5,1112,1,"MeadowV","TA",536,129,2592,576,"TA",1976,1,85000
"701",7,1164,2,"NWAmes","TA",1164,0,9600,0,"TA",1969,1,140000
"1075",5,1466,2,"OldTown","TA",1096,626,10800,370,"Gd",1936,2,170000
"548",5,825,2,"OldTown","TA",825,180,8235,0,"TA",1955,1,125000
"628",5,2080,2,"NAmes","TA",1040,650,11606,1040,"Fa",1969,1,135000
"752",6,1494,2,"CollgCr","TA",1494,1200,9236,0,"Gd",1997,2,217000
"1281",5,1040,2,"CollgCr","TA",1040,532,8800,0,"Gd",1977,2,150500
"1055",7,1364,2,"NridgHt","Gd",1364,659,7052,0,"Gd",2005,2,185850
"1238",8,1484,2,"Timber","Gd",1484,428,9037,0,"Ex",2006,2,265900
"590",7,1582,2,"CollgCr","Gd",770,490,8320,812,"Gd",2004,2,185900
"1006",4,1092,1,"MeadowV","TA",546,273,2217,546,"TA",1970,1,88000
"309",4,861,2,"Edwards","TA",861,262,12342,0,"TA",1940,1,82500
"1206",6,1700,2,"CollgCr","Gd",1700,340,9135,0,"Gd",2003,2,200000
"1288",8,1970,3,"NridgHt","Gd",1120,0,11065,850,"Ex",2006,2,281000
"1428",6,1440,2,"NWAmes","Gd",1440,678,12546,0,"Gd",1981,2,182900
"1351",6,1176,2,"BrkSide","Gd",786,0,6000,390,"TA",1937,1,134900
"1336",4,693,0,"OldTown","TA",693,0,4118,0,"Fa",1941,1,52500
"791",6,1062,2,"Mitchel","TA",1062,539,11333,0,"TA",1976,1,146800
"825",10,2084,3,"NridgHt","Ex",2084,1636,14803,0,"Ex",2007,2,385000
"811",6,848,2,"CollgCr","Gd",848,662,4438,0,"Gd",2004,1,144500
"900",4,858,1,"NAmes","TA",858,322,7340,0,"TA",1971,1,110000
"17",6,1004,2,"NAmes","TA",1004,578,11241,0,"TA",1970,1,149000
"241",8,1566,2,"Somerst","Gd",1566,1078,9000,0,"Gd",2008,2,262500
"648",6,1839,2,"NAmes","TA",1051,0,7700,788,"TA",1966,1,155000
"1242",10,2076,3,"NridgHt","Ex",2076,1386,13891,0,"Ex",2006,2,465000
"112",7,1430,2,"Gilbert","TA",774,250,7750,656,"TA",2000,2,180000
"234",5,894,1,"CollgCr","TA",894,182,10650,0,"TA",1976,1,128200
"1263",6,1337,2,"NAmes","Gd",1337,266,4060,0,"Gd",1998,2,181000
"490",5,1304,1,"MeadowV","TA",616,0,2665,688,"TA",1976,1,115000
"171",5,1382,2,"OldTown","TA",854,360,12358,0,"TA",1941,1,128500
"1074",7,1740,1,"Crawfor","TA",960,410,13125,780,"TA",1940,1,219500
"787",7,2084,2,"SawyerW","Gd",956,656,10142,1128,"Gd",2004,2,233000
"573",7,1430,2,"Gilbert","TA",774,0,9967,656,"TA",2000,2,170000
"1049",7,1302,2,"Gilbert","Gd",1302,0,8993,0,"Gd",2007,2,176485
"1442",6,952,1,"BrkSide","TA",952,0,8854,0,"Fa",1916,1,121000
"205",5,1284,1,"OldTown","TA",720,312,3500,564,"TA",1947,1,110000
"745",8,2715,2,"NWAmes","Ex",1175,575,8963,1540,"Gd",1976,3,299800
"869",7,1949,2,"SawyerW","Gd",1062,750,9938,887,"Gd",1993,2,236000
"999",3,944,2,"Edwards","TA",944,0,10206,0,"Fa",1952,1,82000
"1436",8,1932,3,"NridgHt","Ex",1932,1336,12444,0,"Ex",2008,2,394617
"928",8,1788,2,"CollgCr","Gd",1788,0,11838,0,"Ex",2001,2,236500
"1",7,1710,2,"CollgCr","Gd",856,706,8450,854,"Gd",2003,2,208500
"430",6,987,1,"BrDale","TA",483,387,1680,504,"TA",1971,1,85400
"24",5,1060,2,"MeadowV","TA",1060,840,4224,0,"TA",1976,1,129900
"830",6,1392,2,"NAmes","TA",1392,1040,11900,0,"TA",1957,1,166000
"1152",6,816,1,"IDOTRR","Gd",816,538,5890,0,"TA",1930,1,120500
"252",8,1625,2,"Crawfor","Gd",1625,1573,4750,0,"Gd",2006,2,235000
"1256",5,864,0,"Edwards","TA",864,0,4060,0,"TA",1922,1,99900
"98",4,960,1,"Edwards","TA",960,520,10921,0,"TA",1965,1,94750
"842",6,1165,2,"NAmes","TA",1165,312,9020,0,"TA",1966,1,174900
"347",6,1478,2,"NAmes","TA",1478,1270,17600,0,"TA",1960,2,157500
"422",5,988,2,"Mitchel","TA",988,0,21750,0,"TA",1954,1,113000
"1102",6,1194,2,"NAmes","TA",1194,655,8910,0,"TA",1959,1,159500
"795",6,1564,2,"SawyerW","TA",888,0,8400,676,"TA",1980,2,171000
"1388",6,1218,2,"BrkSide","TA",869,375,6000,349,"TA",1941,1,131000
"1411",4,1040,2,"NAmes","TA",1040,0,7200,0,"TA",1949,2,90000
"1073",7,1240,3,"CollgCr","Gd",1240,0,8556,0,"Gd",2006,2,194000
"782",7,1430,2,"CollgCr","Gd",1430,0,16285,0,"Gd",2001,2,187100
"614",4,630,0,"MeadowV","TA",630,150,1491,0,"TA",1972,1,75500
"446",6,1888,2,"NAmes","Gd",1888,247,16492,0,"Gd",1966,2,190000
"1121",4,960,1,"Edwards","TA",960,0,8926,0,"TA",1956,1,112000
"250",6,2144,2,"ClearCr","Gd",1444,697,159000,700,"Gd",1958,2,277000
"29",5,1600,1,"NAmes","TA",1600,1277,16321,0,"TA",1957,1,207500
"1410",6,1668,1,"NAmes","TA",1112,120,9600,556,"TA",1950,1,140000
"624",6,1790,2,"NWAmes","TA",1012,247,10400,778,"TA",1972,1,165150
"538",5,1159,1,"Sawyer","TA",1159,673,11553,0,"TA",1968,1,158000
"735",7,1768,2,"OldTown","TA",880,390,10800,888,"TA",1914,1,163000
"1361",4,1738,1,"NAmes","TA",1281,0,12513,457,"TA",1920,2,104900
"417",6,2624,3,"Crawfor","TA",1370,1128,22420,1254,"TA",1918,2,239000
"798",9,3140,3,"NridgHt","Ex",1966,0,13518,1174,"Ex",2008,3,485000
"214",5,990,2,"CollgCr","TA",990,716,13568,0,"TA",1995,1,156000
"1185",3,1699,2,"OldTown","TA",1014,440,10615,685,"TA",1900,2,95000
"1420",6,1069,2,"NPkVill","TA",1069,360,4043,0,"TA",1977,2,127500
"767",6,1750,1,"Mitchel","TA",983,660,12508,767,"TA",1940,2,160000
"453",8,1590,2,"Somerst","Gd",786,0,9000,804,"Gd",2008,2,210000
"302",8,2452,2,"CollgCr","Gd",1210,281,16226,1242,"Gd",1998,2,267000
"849",6,1855,2,"Veenker","Gd",1094,0,9600,761,"TA",1976,2,187000
"472",6,1072,2,"Edwards","TA",1072,459,3675,0,"TA",2005,1,148000
"1430",6,958,2,"NPkVill","TA",958,958,4928,0,"TA",1976,2,143750
"1051",6,1977,2,"NAmes","TA",1127,442,9500,850,"TA",1964,1,165000
"867",4,1120,2,"Sawyer","TA",1120,932,6970,0,"Fa",1961,1,129000
"903",7,1670,3,"Gilbert","Gd",1670,0,14859,0,"Gd",2006,2,240000
"784",6,1484,0,"OldTown","TA",742,0,6300,742,"TA",1914,2,128000
"1195",7,1863,3,"Gilbert","Gd",879,0,14054,984,"Gd",2006,2,219210
"376",5,914,2,"CollgCr","Gd",914,298,8846,0,"TA",1996,1,148000
"50",5,955,1,"Sawyer","TA",955,763,7742,0,"TA",1966,1,127000
"545",7,2183,3,"NWAmes","Gd",1377,1002,13837,806,"Gd",1988,2,229000
"1027",5,1376,1,"NAmes","TA",968,368,9492,408,"TA",1941,1,105000
"1123",7,1482,2,"Gilbert","TA",812,0,9125,670,"Gd",1992,2,163900
"285",6,1575,2,"SawyerW","Gd",1575,430,8012,0,"Gd",1992,2,179200
"1017",7,1472,2,"Gilbert","Gd",802,0,10784,670,"Gd",1991,2,160000
"1312",9,2599,3,"NoRidge","Gd",1422,0,14774,1177,"Gd",1999,2,333168
"756",8,1768,2,"CollgCr","Gd",866,20,10769,902,"Gd",2007,2,212000
"942",4,1440,0,"Edwards","TA",1440,1440,7711,0,"TA",1977,2,150000
"922",6,1316,2,"Gilbert","Gd",1316,28,10237,0,"Gd",2005,2,169990
"484",5,999,1,"Sawyer","TA",999,588,7758,0,"Gd",1962,1,132500
"320",7,1472,2,"NWAmes","TA",1472,1036,14115,0,"TA",1980,2,187500
"625",6,1116,2,"NAmes","TA",1116,0,10000,0,"TA",1962,1,160000
"108",5,789,1,"OldTown","TA",789,104,6000,0,"TA",1948,1,115000
"639",8,1567,3,"Blmngtn","Gd",1567,1154,3982,0,"Ex",2006,2,264561
"369",5,1287,2,"NAmes","TA",1287,72,9830,0,"Gd",1959,1,162000
"615",6,1054,2,"NAmes","TA",1054,763,8800,0,"Gd",1963,1,137500
"1284",6,1412,1,"BrkSide","TA",825,0,6000,587,"TA",1939,1,132500
"386",5,1184,0,"Edwards","TA",658,0,8410,526,"TA",1910,1,81000
"678",8,2046,3,"StoneBr","Gd",2046,0,11844,0,"Gd",2008,2,372500
"1444",6,913,1,"Sawyer","TA",913,187,8400,0,"TA",1966,1,129000
"1125",7,1555,3,"Blmngtn","Gd",1555,0,3684,0,"Gd",2007,2,174000
"914",6,1224,2,"Somerst","Gd",612,294,3000,612,"Gd",2009,2,173733
"797",5,773,1,"NAmes","TA",773,570,7677,0,"TA",1953,1,110000
"1384",4,1154,1,"IDOTRR","TA",796,735,5436,358,"Gd",1922,1,125500
"1189",4,1622,4,"Mitchel","TA",1622,1159,32463,0,"TA",1961,1,168000
"857",6,1481,2,"Gilbert","TA",702,0,8125,779,"TA",1994,2,174000
"266",6,1422,2,"NWAmes","TA",1422,588,12090,0,"Gd",1981,2,175500
"1005",6,1657,2,"NAmes","TA",1657,1237,12155,0,"TA",1970,2,163500
"1176",6,1224,1,"OldTown","TA",818,468,3950,406,"TA",1926,1,115000
"4",7,1717,3,"Crawfor","TA",961,216,9550,756,"Gd",1915,1,140000
"540",9,1838,3,"Timber","Ex",1838,1260,14601,0,"Ex",2006,2,315000
"1322",4,708,0,"BrkSide","Fa",708,280,5330,0,"Fa",1940,1,82500
"311",6,1501,2,"Gilbert","TA",697,518,7685,804,"Gd",1993,2,165600
"213",7,1852,2,"Somerst","TA",932,822,8640,920,"Gd",2009,2,252678
"142",7,1734,2,"CollgCr","Gd",1734,1300,11645,0,"Gd",2005,2,260000
"1329",8,1588,3,"Somerst","Gd",1588,0,10000,0,"Gd",2006,2,227000
"712",8,1228,2,"StoneBr","Gd",1228,767,4671,0,"Gd",1988,2,189000
"769",8,3279,3,"StoneBr","Ex",1690,1416,53504,1589,"Ex",2003,3,538000
"427",4,907,1,"NAmes","TA",907,288,8593,0,"TA",1957,1,109008
"264",5,1316,2,"OldTown","TA",926,234,5500,0,"TA",1929,1,130000
"802",7,1456,2,"CollgCr","Gd",728,648,8199,728,"Gd",2005,2,189000
"1216",8,1314,2,"Somerst","Gd",1314,936,8640,0,"Gd",2009,2,229456
"1064",7,2260,2,"ClearCr","Gd",1306,1201,14000,954,"Gd",1996,2,328000
"195",5,864,1,"CollgCr","TA",864,390,7180,0,"TA",1972,1,127000
"976",7,1241,2,"Somerst","Gd",1241,1106,4274,0,"Gd",2006,1,199900
"871",6,1682,2,"CollgCr","TA",804,505,8750,878,"Gd",1998,2,200500
"950",5,965,1,"SawyerW","TA",965,641,7800,0,"TA",1965,1,119900
"1245",7,1553,2,"Somerst","Gd",756,0,8125,797,"Gd",2005,2,186500
"162",9,2668,3,"NridgHt","Gd",1572,1016,13688,1096,"Ex",2003,2,412500
"249",7,1668,2,"CollgCr","Gd",840,0,11317,828,"Gd",2003,2,180000
"1413",6,1848,2,"BrkSide","TA",1053,0,13053,795,"Gd",1923,1,207000
"1175",5,923,1,"Mitchel","TA",923,658,6951,0,"TA",1984,1,119500
"465",7,1414,2,"Blmngtn","Gd",1414,0,3072,0,"Gd",2004,2,178740
"853",6,1445,2,"NAmes","TA",1445,564,12095,0,"TA",1964,1,158000
"118",5,1125,2,"Edwards","TA",1125,0,8536,0,"TA",2006,1,155000
"556",5,1092,1,"NAmes","TA",1092,895,14850,0,"TA",1957,1,141000
"398",5,1077,1,"IDOTRR","TA",1077,0,8967,0,"TA",1920,1,67000
"703",5,1812,2,"OldTown","TA",1032,0,7630,780,"Gd",1900,2,140000
"167",5,1867,1,"ClearCr","Gd",1867,379,10708,0,"TA",1955,1,190000
"120",6,1456,2,"CollgCr","Gd",728,0,8461,728,"Gd",2005,2,163990
"502",5,1214,2,"Edwards","TA",1214,698,9170,0,"TA",1965,1,140000
"448",6,1376,1,"IDOTRR","TA",780,0,8600,596,"TA",1937,2,119500
"494",5,886,1,"OldTown","TA",886,0,5784,0,"TA",1938,1,91300
"254",6,1302,1,"NAmes","TA",1302,270,9350,0,"Gd",1964,2,158000
"977",4,894,2,"Edwards","TA",894,552,9450,0,"TA",1954,1,110000
"1113",5,833,1,"OldTown","TA",833,415,5400,0,"Gd",1954,1,117000
"635",6,3395,0,"SWISU","Fa",1440,256,10896,1440,"Fa",1914,2,200000
"984",5,1164,1,"Edwards","TA",1164,1040,10880,0,"TA",1950,1,125000
"1104",8,2622,2,"NoRidge","Gd",1500,1032,12256,1122,"Gd",1994,2,325000
"1249",7,2110,2,"NAmes","Gd",2110,1065,11160,0,"Ex",1968,2,244000
"629",6,1350,2,"NAmes","TA",1350,624,9020,0,"TA",1964,1,168500
"546",6,1635,2,"BrkSide","TA",915,300,8737,720,"TA",1923,1,210000
"829",7,1223,2,"Somerst","Gd",520,0,2544,623,"Gd",2005,2,147400
"54",9,1842,3,"Veenker","Gd",1842,1810,50271,0,"Gd",1981,0,385000
"906",8,1636,3,"Somerst","Gd",1636,63,13501,0,"Gd",2006,2,255000
"1059",8,1338,2,"StoneBr","Gd",1338,616,4920,0,"Gd",2001,2,213500
"1035",9,1620,3,"Timber","Gd",1620,1022,12898,0,"Ex",2007,2,315500
"1429",5,1838,2,"Gilbert","Gd",734,0,21930,1104,"TA",2005,2,192140
"845",5,1701,2,"Sawyer","TA",1701,1390,16647,0,"TA",1975,2,171000
"1086",8,1953,3,"Somerst","Gd",1082,0,10574,871,"Gd",2005,2,252000
"637",5,1387,1,"OldTown","TA",811,0,6000,576,"Gd",1954,2,93000
"8",7,2090,2,"NWAmes","TA",1107,859,10382,983,"TA",1973,2,200000
"558",7,1446,2,"Gilbert","TA",729,604,21872,717,"TA",1996,2,175000
"1279",7,1573,2,"CollgCr","Gd",1573,788,9808,0,"Gd",2002,2,227000
"57",8,1739,2,"Somerst","Gd",983,649,2645,756,"Gd",1999,2,172500
"743",5,1464,2,"Sawyer","TA",1464,444,12886,0,"TA",1963,2,175000
"660",7,1935,2,"NWAmes","TA",1142,0,12384,793,"TA",1976,2,197900
"199",6,2229,0,"OldTown","TA",929,0,5520,929,"TA",1912,1,104000
"659",5,1486,2,"Edwards","TA",1486,637,9937,0,"TA",1964,1,167000
"449",3,1183,1,"OldTown","TA",679,331,6000,504,"TA",1948,1,120000
"535",5,1347,0,"Edwards","TA",820,969,7000,527,"TA",1910,1,107500
"609",4,1029,1,"Sawyer","TA",1029,903,7943,0,"TA",1961,1,118500
"1375",6,790,1,"SWISU","TA",790,384,6292,0,"TA",1930,1,91000
"528",4,605,0,"Edwards","TA",605,348,9098,0,"TA",1920,1,86000
"646",5,1048,2,"NAmes","TA",1048,0,7200,0,"TA",1950,1,98300
"1142",5,1006,0,"Sawyer","TA",1006,288,9000,0,"TA",1959,1,80000
"658",6,1458,1,"NAmes","TA",912,0,17503,546,"TA",1948,1,97500
"544",7,1496,2,"Gilbert","Gd",664,554,17104,832,"Gd",2006,2,179665
"992",6,1500,2,"CollgCr","TA",750,0,8846,750,"Gd",2005,2,173900
"971",6,918,1,"SawyerW","TA",918,0,7892,0,"TA",1979,2,99500
"1292",7,1664,2,"NWAmes","TA",832,194,10140,832,"TA",1976,2,162900
"589",5,935,1,"BrkSide","TA",779,0,9100,0,"TA",1930,1,79500
"834",5,1144,2,"NAmes","TA",1144,572,7875,0,"TA",1961,1,139950
"1026",8,1646,3,"Timber","Gd",1646,1513,9520,0,"Gd",2007,2,293077
"1391",5,900,1,"NAmes","TA",900,769,7838,0,"TA",1967,1,123000
"393",4,788,0,"BrkSide","TA",788,266,7446,0,"TA",1941,1,100000
"1387",9,1746,3,"Gilbert","Ex",1746,1320,14892,0,"Ex",2006,2,377500
"177",6,2060,2,"ClearCr","Gd",1164,831,10029,896,"TA",1988,2,211000
"710",3,729,0,"BrkSide","Gd",729,0,4130,0,"TA",1935,1,52000
"1259",6,1675,2,"Gilbert","TA",892,0,24682,783,"TA",1999,2,181000
"1453",7,1221,2,"Somerst","Gd",1221,410,7500,0,"Gd",2004,2,185000
"1346",8,1776,3,"Timber","Gd",1776,80,15306,0,"Gd",2006,2,283463
"1390",5,1584,3,"NAmes","TA",1584,0,8944,0,"TA",1967,2,124000
"921",5,2200,0,"Edwards","TA",1272,1084,8777,928,"TA",1900,2,145900
"1399",6,1158,1,"BrkSide","TA",950,0,6000,208,"TA",1929,1,120000
"1212",4,960,1,"Sawyer","TA",960,648,10246,0,"TA",1965,0,145000
"155",6,1200,1,"OldTown","TA",1200,0,11340,0,"TA",1923,1,125000
"919",6,1414,2,"NAmes","Ex",1414,528,11029,0,"TA",1958,1,176500
"383",6,784,2,"SawyerW","TA",784,0,9000,0,"TA",1928,1,76000
"1159",6,1456,2,"NPkVill","TA",855,311,2280,601,"TA",1978,2,146000
"1097",4,1324,1,"BrkSide","TA",757,672,6000,567,"TA",1936,1,128000
"1421",6,848,2,"CollgCr","Gd",848,686,4435,0,"Gd",2003,1,136500
"208",4,1100,1,"NAmes","TA",1100,419,12493,0,"TA",1960,1,141000
"1381",7,1762,2,"OldTown","TA",998,0,7200,764,"Gd",1920,1,157000
"610",9,2153,3,"CollgCr","Gd",1476,904,11050,677,"Ex",2000,2,313000
"821",4,936,2,"OldTown","Fa",936,0,6000,0,"TA",1953,1,93000
"1417",5,1144,1,"NAmes","TA",1144,25,9204,0,"TA",1963,1,124000
"1046",5,990,2,"CollgCr","TA",990,686,9245,0,"TA",1994,1,145000
"957",7,1337,2,"CollgCr","Gd",1337,699,8450,0,"Gd",2003,2,185000
"491",6,1578,1,"NAmes","TA",958,403,9490,620,"Fa",1941,1,133000
"1041",6,1306,2,"NridgHt","Gd",1306,900,5381,0,"Gd",2005,2,196000
"986",9,1940,3,"NridgHt","Ex",1940,1646,10159,0,"Ex",2009,2,395192
"687",7,1102,2,"Somerst","Gd",551,239,5105,551,"Gd",2004,2,148800
"790",7,1145,2,"Blmngtn","Gd",1145,16,3182,0,"Gd",2005,2,160200
"691",10,4316,3,"NoRidge","Ex",2444,1455,21535,1872,"Ex",1994,3,755000
"612",8,1872,2,"CollgCr","Gd",1299,990,11885,573,"Ex",2001,2,261500
"277",7,1560,2,"Mitchel","Gd",1560,0,9196,0,"Gd",2003,2,201000
"1452",5,1140,0,"Mitchel","TA",1140,0,17217,0,"TA",2006,1,84500
"104",7,1226,3,"CollgCr","TA",1226,0,10402,0,"Gd",2009,2,198900
"1246",6,1034,3,"Mitchel","TA",1034,539,12328,0,"TA",1976,1,169900
"1108",8,1836,3,"NridgHt","Gd",1836,1039,11362,0,"Gd",2004,2,280000
"421",6,1602,2,"NWAmes","Gd",1602,1246,16635,0,"Gd",1977,2,215000
"520",4,1294,0,"OldTown","TA",694,0,10800,600,"TA",1900,2,106250
"1220",5,1211,1,"Sawyer","TA",1211,250,8250,0,"TA",1968,1,134000
"695",6,1137,2,"Timber","TA",1137,980,13811,0,"Gd",1987,2,176000
